document_ids,sentence_ids,sentences,event_type_ids,words,unique_words,entities,message_ids
387fe1dfe55067eb29e1fd4116d37af3,14,"According to author Neill Macaulay, ""he would attack only when the odds were heavily in his favor-when he clearly had the advantages of surprise, cover, and superior firepower.",23,"['accord', 'author', 'Neill', 'Macaulay', 'would', 'attack', 'odd', 'heavily', 'orwhen', 'clearly', 'advantage', 'surprise', 'cover', 'superior', 'firepower']","['odd', 'heavily', 'firepower', 'cover', 'orwhen', 'clearly', 'surprise', 'Neill', 'would', 'advantage', 'accord', 'superior', 'attack', 'Macaulay', 'author']","[('Neill Macaulay', 'PERSON')]",387fe1dfe55067eb29e1fd4116d37af3_14
387fe1dfe55067eb29e1fd4116d37af3,10,"Sandino had a tendency to greatly exaggerate numbers related to the battles during his rebellion, so this number of 60 is probably inaccurate.",37,"['sandino', 'tendency', 'greatly', 'exaggerate', 'number', 'relate', 'battle', 'rebellion', 'number', 'probably', 'inaccurate']","['probably', 'inaccurate', 'exaggerate', 'sandino', 'relate', 'battle', 'rebellion', 'tendency', 'greatly', 'number']","[('Sandino', 'ORG'), ('60', 'CARDINAL')]",387fe1dfe55067eb29e1fd4116d37af3_10
268c4763208c87ed7ebf55565c274d23,4,"British forces in India were considerably stronger than the French, with the British Indian Army supported by British Army detachments and a Royal Navy squadron under Rear-Admiral William Cornwallis.",42,"['british', 'force', 'India', 'considerably', 'strong', 'french', 'british', 'Indian', 'Army', 'suppoed', 'british', 'Army', 'detachment', 'Royal', 'Navy', 'squadron', 'RearAdmiral', 'William', 'Cornwallis']","['strong', 'Cornwallis', 'RearAdmiral', 'suppoed', 'William', 'India', 'french', 'force', 'british', 'detachment', 'considerably', 'Royal', 'Army', 'Indian', 'Navy', 'squadron']","[('British', 'NORP'), ('India', 'GPE'), ('French', 'NORP'), ('the British Indian Army', 'ORG'), ('British Army', 'ORG'), ('Royal Navy', 'ORG'), ('Rear-Admiral', 'PRODUCT'), ('William Cornwallis', 'PERSON')]",268c4763208c87ed7ebf55565c274d23_4
268c4763208c87ed7ebf55565c274d23,8,"British forces constructed trenches and batteries, often under heavy fire, over the following weeks.",44,"['british', 'force', 'construct', 'trench', 'battery', 'often', 'heavy', 'fire', 'follow', 'week']","['construct', 'often', 'heavy', 'fire', 'force', 'british', 'battery', 'trench', 'follow', 'week']","[('British', 'NORP'), ('the following weeks', 'DATE')]",268c4763208c87ed7ebf55565c274d23_8
268c4763208c87ed7ebf55565c274d23,0,"""For other sieges with this name, see Siege of Pondicherry (disambiguation)"" The Siege of Pondicherry was a colonial military operation in the early stages of the French Revolutionary Wars.",45,"['siege', 'name', 'see', 'Siege', 'Pondicherry', 'disambiguation', 'Siege', 'Pondicherry', 'colonial', 'military', 'operation', 'early', 'stage', 'French', 'Revolutionary', 'Wars']","['Siege', 'early', 'stage', 'military', 'French', 'operation', 'Wars', 'Pondicherry', 'name', 'Revolutionary', 'disambiguation', 'colonial', 'see', 'siege']","[('Siege', 'FAC'), ('Pondicherry', 'GPE'), ('The Siege of Pondicherry', 'WORK_OF_ART')]",268c4763208c87ed7ebf55565c274d23_0
268c4763208c87ed7ebf55565c274d23,3,French India was governed from Pondicherry (modern Puducherry) on the Coromandel Coast.,41,"['French', 'India', 'govern', 'Pondicherry', 'modern', 'Puducherry', 'Coromandel', 'Coast']","['French', 'India', 'Coast', 'Pondicherry', 'modern', 'Coromandel', 'Puducherry', 'govern']","[('French', 'NORP'), ('India', 'GPE'), ('Pondicherry', 'GPE'), ('the Coromandel Coast', 'LOC')]",268c4763208c87ed7ebf55565c274d23_3
3bec0b60c0940c5e46ee2cfc9504df92,5,"However, normally they occur at very low speed, less than 5 mph (8 km/h).",15,"['however', 'normally', 'occur', 'low', 'speed', 'less', 'mph', 'kmh']","['speed', 'less', 'kmh', 'normally', 'low', 'mph', 'however', 'occur']","[('less than 5 mph', 'QUANTITY'), ('8 km/h', 'QUANTITY')]",3bec0b60c0940c5e46ee2cfc9504df92_5
39c2db9e18cd4a02b9aa8c1a3c58aab7,8,They were apprehended and taken to separate hospitals.,1,"['apprehend', 'take', 'separate', 'hospital']","['apprehend', 'hospital', 'separate', 'take']",[],39c2db9e18cd4a02b9aa8c1a3c58aab7_8
c1ae08941a115c7d45e205724e5aa3be,18,"It had begun shortly before 16 October, if both the ""Chronica"" and the obituary of Burgos Cathedral are accurate.",31,"['begin', 'sholy', 'October', 'Chronica', 'obituary', 'Burgos', 'Cathedral', 'accurate']","['Burgos', 'accurate', 'October', 'obituary', 'begin', 'Chronica', 'sholy', 'Cathedral']","[('16 October', 'DATE'), ('Chronica', 'PRODUCT'), ('Burgos Cathedral', 'PERSON')]",c1ae08941a115c7d45e205724e5aa3be_18
c1ae08941a115c7d45e205724e5aa3be,36,This will was later confirmed at Sariñena on 4 September 1134.,18,"['later', 'confirm', 'Sariñena', 'September']","['September', 'later', 'confirm', 'Sariñena']","[('Sariñena', 'ORG'), ('4 September 1134', 'DATE')]",c1ae08941a115c7d45e205724e5aa3be_36
c1ae08941a115c7d45e205724e5aa3be,16,The army probably crossed via the pass at Somport in order to enter Gascony through the allied territory of Béarn.,77,"['army', 'probably', 'cross', 'pass', 'Sompo', 'order', 'enter', 'Gascony', 'ally', 'territory', 'Béarn']","['probably', 'Gascony', 'ally', 'pass', 'cross', 'Béarn', 'order', 'enter', 'Sompo', 'territory', 'army']","[('Somport', 'GPE'), ('Gascony', 'PERSON'), ('Béarn', 'PERSON')]",c1ae08941a115c7d45e205724e5aa3be_16
c1ae08941a115c7d45e205724e5aa3be,27,"It is possible that Pedro González was in the company of Alfonso's mother, Elvira of Castile, Countess of Toulouse, when the young future count of Toulouse was brought back to Europe from Outremer.",78,"['possible', 'Pedro', 'González', 'company', 'Alfonsos', 'mother', 'Elvira', 'Castile', 'Countess', 'Toulouse', 'young', 'future', 'count', 'Toulouse', 'bring', 'back', 'Europe', 'Outremer']","['Elvira', 'Pedro', 'Countess', 'young', 'possible', 'Castile', 'Europe', 'Toulouse', 'bring', 'González', 'Outremer', 'Alfonsos', 'mother', 'future', 'count', 'back', 'company']","[('Pedro González', 'PERSON'), ('Alfonso', 'PERSON'), ('Elvira', 'PERSON'), ('Castile', 'ORG'), ('Countess', 'ORG'), ('Toulouse', 'GPE'), ('Toulouse', 'ORG'), ('Europe', 'LOC')]",c1ae08941a115c7d45e205724e5aa3be_27
c1ae08941a115c7d45e205724e5aa3be,11,"Urraca's second, childless marriage was to Alfonso the Battler.",48,"['Urracas', 'second', 'childless', 'marriage', 'Alfonso', 'Battler']","['childless', 'second', 'Battler', 'Urracas', 'marriage', 'Alfonso']","[('second', 'ORDINAL'), ('Alfonso the Battler', 'PERSON')]",c1ae08941a115c7d45e205724e5aa3be_11
c1ae08941a115c7d45e205724e5aa3be,13,"With the death of Urraca, Alfonso VII, her son by an earlier marriage, succeeded to her position as primary rival of Alfonso the Battler for the rule of these two kingdoms.",48,"['death', 'Urraca', 'Alfonso', 'VII', 'son', 'early', 'marriage', 'succeed', 'position', 'primary', 'rival', 'Alfonso', 'Battler', 'rule', 'two', 'kingdom']","['VII', 'Urraca', 'rival', 'early', 'rule', 'son', 'position', 'two', 'primary', 'death', 'Battler', 'kingdom', 'marriage', 'Alfonso', 'succeed']","[('Urraca', 'ORG'), ('Alfonso VII', 'PERSON'), ('Alfonso the Battler', 'ORG'), ('two', 'CARDINAL')]",c1ae08941a115c7d45e205724e5aa3be_13
c1ae08941a115c7d45e205724e5aa3be,23,"At some point a relief army led by Alfonso Jordan, count of Toulouse, arrived.",6,"['point', 'relief', 'army', 'lead', 'Alfonso', 'Jordan', 'count', 'Toulouse', 'arrive']","['arrive', 'point', 'Toulouse', 'relief', 'Jordan', 'army', 'count', 'Alfonso', 'lead']","[('Alfonso Jordan', 'PERSON'), ('Toulouse', 'ORG')]",c1ae08941a115c7d45e205724e5aa3be_23
c1ae08941a115c7d45e205724e5aa3be,9,"At the same time the Count of Toulouse, Alfonso Jordan, had done homage to Alfonso VII upon his succession in 1126.",62,"['time', 'Count', 'Toulouse', 'Alfonso', 'Jordan', 'do', 'homage', 'Alfonso', 'VII', 'upon', 'succession']","['VII', 'Count', 'time', 'Toulouse', 'Jordan', 'upon', 'succession', 'do', 'Alfonso', 'homage']","[('Toulouse', 'GPE'), ('Alfonso Jordan', 'PERSON'), ('Alfonso VII', 'PERSON'), ('1126', 'CARDINAL')]",c1ae08941a115c7d45e205724e5aa3be_9
c1ae08941a115c7d45e205724e5aa3be,12,For a period of over a decade the two had been engaged in a civil war for power in Castile and León.,48,"['period', 'decade', 'two', 'engage', 'civil', 'war', 'power', 'Castile', 'León']","['two', 'period', 'power', 'Castile', 'engage', 'León', 'war', 'decade', 'civil']","[('two', 'CARDINAL'), ('Castile', 'ORG'), ('León', 'ORG')]",c1ae08941a115c7d45e205724e5aa3be_12
ef451445d348d837669fbab71d1db3a2,8,The survivors were rescued from the icy river by civilians and professionals.,86,"['survivor', 'rescue', 'icy', 'river', 'civilian', 'professional']","['civilian', 'river', 'rescue', 'professional', 'survivor', 'icy']",[],ef451445d348d837669fbab71d1db3a2_8
ef451445d348d837669fbab71d1db3a2,2,"The aircraft struck the 14th Street Bridge, which carries Interstate 395 between Washington, D.C. and Arlington County, Virginia.",23,"['aircraft', 'strike', '14th', 'Street', 'Bridge', 'carry', 'Interstate', 'Washington', 'DC', 'Arlington', 'County', 'Virginia']","['Arlington', 'Street', 'aircraft', 'carry', 'County', 'Virginia', 'DC', '14th', 'Bridge', 'Washington', 'strike', 'Interstate']","[('14th Street Bridge', 'FAC'), ('Washington', 'GPE'), ('D.C.', 'GPE'), ('Arlington County', 'GPE'), ('Virginia', 'GPE')]",ef451445d348d837669fbab71d1db3a2_2
ef451445d348d837669fbab71d1db3a2,7,Four motorists on the bridge were killed.,20,"['four', 'motorist', 'bridge', 'kill']","['bridge', 'kill', 'four', 'motorist']","[('Four', 'CARDINAL')]",ef451445d348d837669fbab71d1db3a2_7
ef451445d348d837669fbab71d1db3a2,4,The aircraft was carrying 74 passengers and five crewmembers.,92,"['aircraft', 'carry', 'passenger', 'five', 'crewmember']","['passenger', 'carry', 'aircraft', 'five', 'crewmember']","[('74', 'CARDINAL'), ('five', 'CARDINAL')]",ef451445d348d837669fbab71d1db3a2_4
045be42474c6c6225401d4b8cc03fe5e,1,This was Singapore's first time as host of the ASEAN Para Games.,82,"['Singapores', 'first', 'time', 'host', 'ASEAN', 'Para', 'Games']","['time', 'ASEAN', 'first', 'Games', 'Singapores', 'host', 'Para']","[('Singapore', 'GPE'), ('first', 'ORDINAL'), ('the ASEAN Para Games', 'EVENT')]",045be42474c6c6225401d4b8cc03fe5e_1
045be42474c6c6225401d4b8cc03fe5e,4,"It was opened by Tony Tan Keng Yam, the President of Singapore at the Singapore Indoor Stadium.",31,"['open', 'Tony', 'Tan', 'Keng', 'Yam', 'President', 'Singapore', 'Singapore', 'Indoor', 'Stadium']","['President', 'Tony', 'Yam', 'Stadium', 'Keng', 'Tan', 'Indoor', 'Singapore', 'open']","[('Tony Tan Keng Yam', 'PERSON'), ('Singapore', 'GPE'), ('the Singapore Indoor Stadium', 'FAC')]",045be42474c6c6225401d4b8cc03fe5e_4
eeb1b3357c409a5f55f45158ce2a62e5,0,"On 6 January 1993, Lufthansa Cityline Flight 5634 departed Bremen Airport for Paris-Charles de Gaulle Airport at 17:30.",94,"['January', 'Lufthansa', 'Cityline', 'Flight', 'depae', 'Bremen', 'Airpo', 'ParisCharles', 'de', 'Gaulle', 'Airpo']","['Bremen', 'Cityline', 'Flight', 'Lufthansa', 'January', 'ParisCharles', 'depae', 'de', 'Gaulle', 'Airpo']","[('6 January 1993', 'DATE'), ('Lufthansa Cityline Flight 5634', 'PRODUCT'), ('Bremen Airport', 'FAC'), ('Paris', 'GPE'), ('17:30', 'TIME')]",eeb1b3357c409a5f55f45158ce2a62e5_0
eeb1b3357c409a5f55f45158ce2a62e5,5,"The aircraft broke into two parts, but there was no fire.",12,"['aircraft', 'break', 'two', 'pas', 'fire']","['two', 'aircraft', 'pas', 'break', 'fire']","[('two', 'CARDINAL')]",eeb1b3357c409a5f55f45158ce2a62e5_5
5c2b32634deb09bf1c67e846cef14e44,3,"In 1949, the Chinese Civil War ended with the victory of the Communist People's Republic of China (PRC).",61,"['Chinese', 'Civil', 'War', 'end', 'victory', 'Communist', 'Peoples', 'Republic', 'China', 'PRC']","['Communist', 'Chinese', 'Republic', 'Civil', 'Peoples', 'PRC', 'end', 'China', 'victory', 'War']","[('1949', 'DATE'), ('the Chinese Civil War', 'EVENT'), (""the Communist People's Republic of China"", 'ORG'), ('PRC', 'GPE')]",5c2b32634deb09bf1c67e846cef14e44_3
5c2b32634deb09bf1c67e846cef14e44,7,"In April 1950, the PRC captured Hainan.",21,"['April', 'PRC', 'capture', 'Hainan']","['April', 'capture', 'Hainan', 'PRC']","[('April 1950', 'DATE'), ('PRC', 'GPE'), ('Hainan', 'GPE')]",5c2b32634deb09bf1c67e846cef14e44_7
5c2b32634deb09bf1c67e846cef14e44,5,The RoC government relocated to the island of Taiwan.,65,"['RoC', 'government', 'relocate', 'island', 'Taiwan']","['government', 'island', 'Taiwan', 'relocate', 'RoC']","[('RoC', 'GPE'), ('Taiwan', 'GPE')]",5c2b32634deb09bf1c67e846cef14e44_5
f5f617fe0cbadf8fdbc06b0ecbe0be92,1,"It took place on September 21, 2014, at the Bridgestone Arena in Nashville, Tennessee, and was the eighth annual Night of Champions event.",31,"['take', 'place', 'September', 'Bridgestone', 'Arena', 'Nashville', 'Tennessee', 'eighth', 'annual', 'Night', 'Champions', 'event']","['Champions', 'Nashville', 'Tennessee', 'annual', 'eighth', 'event', 'Arena', 'place', 'take', 'Night', 'September', 'Bridgestone']","[('September 21, 2014', 'DATE'), ('the Bridgestone Arena', 'ORG'), ('Nashville', 'GPE'), ('Tennessee', 'GPE'), ('eighth', 'ORDINAL'), ('Night of Champions', 'EVENT')]",f5f617fe0cbadf8fdbc06b0ecbe0be92_1
f5f617fe0cbadf8fdbc06b0ecbe0be92,5,"The event also saw AJ Lee defeating Paige & Nikki Bella to win her record tying third WWE Divas Championship.The event had 48,000 buys (excluding WWE Network views).",21,"['event', 'also', 'see', 'AJ', 'Lee', 'defeat', 'Paige', 'Nikki', 'Bella', 'win', 'record', 'tie', 'third', 'WWE', 'Divas', 'ChampionshipThe', 'event', 'buy', 'exclude', 'WWE', 'Network', 'view']","['defeat', 'Paige', 'Network', 'also', 'ChampionshipThe', 'Bella', 'WWE', 'win', 'third', 'event', 'Nikki', 'Divas', 'exclude', 'record', 'buy', 'Lee', 'view', 'AJ', 'tie', 'see']","[('AJ Lee', 'PERSON'), ('Paige', 'PERSON'), ('Nikki Bella', 'PERSON'), ('third', 'ORDINAL'), ('48,000', 'CARDINAL'), ('WWE Network', 'ORG')]",f5f617fe0cbadf8fdbc06b0ecbe0be92_5
f5f617fe0cbadf8fdbc06b0ecbe0be92,2,Eight matches were contested at the event.,84,"['eight', 'match', 'contest', 'event']","['event', 'match', 'contest', 'eight']","[('Eight', 'CARDINAL')]",f5f617fe0cbadf8fdbc06b0ecbe0be92_2
f5f617fe0cbadf8fdbc06b0ecbe0be92,6,"The previous year's drew 175,000 buys.",101,"['previous', 'year', 'draw', 'buy']","['draw', 'year', 'previous', 'buy']","[(""The previous year's"", 'DATE'), ('175,000', 'CARDINAL')]",f5f617fe0cbadf8fdbc06b0ecbe0be92_6
59d35dfd8d9fe91d66d11497d051aba5,17,The second explosion was equivalent to over 2 tonnes of TNT.,23,"['second', 'explosion', 'equivalent', 'tonne', 'TNT']","['tonne', 'explosion', 'equivalent', 'second', 'TNT']","[('second', 'ORDINAL'), ('2 tonnes', 'QUANTITY'), ('TNT', 'ORG')]",59d35dfd8d9fe91d66d11497d051aba5_17
59d35dfd8d9fe91d66d11497d051aba5,16,"Two minutes and fifteen seconds after the initial blast, the sub was on the bottom when the intense initial fire triggered the detonation of between five and seven torpedo warheads.",5,"['two', 'minute', 'fifteen', 'second', 'initial', 'blast', 'sub', 'bottom', 'intense', 'initial', 'fire', 'trigger', 'detonation', 'five', 'seven', 'torpedo', 'warhead']","['intense', 'blast', 'bottom', 'two', 'five', 'sub', 'second', 'warhead', 'initial', 'fire', 'fifteen', 'seven', 'torpedo', 'minute', 'detonation', 'trigger']","[('Two minutes and fifteen seconds', 'TIME'), ('between five and seven', 'CARDINAL')]",59d35dfd8d9fe91d66d11497d051aba5_16
59d35dfd8d9fe91d66d11497d051aba5,19,The nuclear reactors shut down safely.,90,"['nuclear', 'reactor', 'shut', 'safely']","['reactor', 'nuclear', 'safely', 'shut']",[],59d35dfd8d9fe91d66d11497d051aba5_19
ab70a3e49966caa8c35f8b27fabea3ad,1,"He died while in police custody at Queen's Gardens Police Station, Kingston upon Hull, in April 1998.",13,"['die', 'police', 'custody', 'Queens', 'Gardens', 'Police', 'Station', 'Kingston', 'upon', 'Hull', 'April']","['custody', 'April', 'Gardens', 'die', 'Kingston', 'upon', 'Station', 'Hull', 'Police', 'Queens', 'police']","[(""Queen's Gardens Police Station"", 'ORG'), ('Kingston', 'GPE'), ('Hull', 'PERSON'), ('April 1998', 'DATE')]",ab70a3e49966caa8c35f8b27fabea3ad_1
ab70a3e49966caa8c35f8b27fabea3ad,9,The incident was captured on the police station's closed-circuit television (CCTV) cameras.,21,"['incident', 'capture', 'police', 'station', 'closedcircuit', 'television', 'CCTV', 'camera']","['television', 'closedcircuit', 'incident', 'station', 'capture', 'CCTV', 'camera', 'police']","[('CCTV', 'ORG')]",ab70a3e49966caa8c35f8b27fabea3ad_9
b994d5a3e89bfd7a1dc5755c06891cf3,1,The gas attacks were part of an engagement between divisions of the II Bavarian Corps and divisions of the British I Corps.,23,"['gas', 'attack', 'pa', 'engagement', 'division', 'II', 'Bavarian', 'Corps', 'division', 'British', 'Corps']","['Bavarian', 'British', 'engagement', 'pa', 'attack', 'division', 'II', 'Corps', 'gas']","[('the II Bavarian Corps', 'ORG'), ('British', 'NORP'), ('Corps', 'ORG')]",b994d5a3e89bfd7a1dc5755c06891cf3_1
b994d5a3e89bfd7a1dc5755c06891cf3,0,"The Gas Attacks at Hulluch were two German cloud gas attacks on British troops during World War I, from 1916, near the village of Hulluch, north of Loos in northern France.",23,"['gas', 'Attacks', 'Hulluch', 'two', 'german', 'cloud', 'gas', 'attack', 'british', 'troop', 'World', 'War', 'near', 'village', 'Hulluch', 'noh', 'Loos', 'nohern', 'France']","['nohern', 'two', 'cloud', 'attack', 'village', 'noh', 'near', 'british', 'troop', 'Attacks', 'Hulluch', 'World', 'Loos', 'german', 'France', 'gas', 'War']","[('Hulluch', 'ORG'), ('two', 'CARDINAL'), ('German', 'NORP'), ('British', 'NORP'), ('World War I', 'EVENT'), ('1916', 'DATE'), ('Hulluch', 'GPE'), ('Loos', 'LOC'), ('France', 'GPE')]",b994d5a3e89bfd7a1dc5755c06891cf3_0
4138a00b4f4788c95f8f0d047e60c5b4,7,"The Canadian band Helix opened for them in Detroit, as Ted Nugent had played his annual ""New Year's Eve Whiplash Bash"", headlining at Cobo.",102,"['canadian', 'band', 'Helix', 'open', 'Detroit', 'Ted', 'Nugent', 'play', 'annual', 'New', 'Years', 'Eve', 'Whiplash', 'Bash', 'headline', 'Cobo']","['Bash', 'Ted', 'Years', 'band', 'annual', 'Cobo', 'Helix', 'Nugent', 'play', 'New', 'headline', 'canadian', 'Eve', 'Detroit', 'Whiplash', 'open']","[('Canadian', 'NORP'), ('Helix', 'ORG'), ('Detroit', 'GPE'), ('Ted Nugent', 'PERSON'), (""New Year's Eve Whiplash Bash"", 'EVENT'), ('Cobo', 'ORG')]",4138a00b4f4788c95f8f0d047e60c5b4_7
4138a00b4f4788c95f8f0d047e60c5b4,2,"The night before the Jackson show, bassist Gene Simmons played DJ on local rock-and-roll station Z106.",82,"['night', 'Jackson', 'show', 'bassist', 'Gene', 'Simmons', 'play', 'DJ', 'local', 'rockandroll', 'station', 'z106']","['z106', 'Simmons', 'station', 'bassist', 'Gene', 'Jackson', 'play', 'night', 'local', 'show', 'DJ', 'rockandroll']","[('night', 'TIME'), ('Jackson', 'PERSON'), ('Gene Simmons', 'PERSON'), ('DJ', 'PERSON')]",4138a00b4f4788c95f8f0d047e60c5b4_2
15f032e838d8b3f1ab0023eb3b45281d,0,"On June 25, 2009, singer Michael Jackson died of acute propofol and benzodiazepine intoxication at his home on North Carolwood Drive in the Holmby Hills neighborhood of Los Angeles.",13,"['June', 'singer', 'Michael', 'Jackson', 'die', 'acute', 'propofol', 'benzodiazepine', 'intoxication', 'home', 'Noh', 'Carolwood', 'Drive', 'Holmby', 'Hills', 'neighborhood', 'Los', 'Angeles']","['Michael', 'intoxication', 'propofol', 'June', 'Jackson', 'Hills', 'die', 'neighborhood', 'Carolwood', 'Angeles', 'singer', 'benzodiazepine', 'acute', 'Los', 'Noh', 'Drive', 'Holmby', 'home']","[('June 25, 2009', 'DATE'), ('Michael Jackson', 'PERSON'), ('North Carolwood Drive', 'LOC'), ('the Holmby Hills', 'LOC'), ('Los Angeles', 'GPE')]",15f032e838d8b3f1ab0023eb3b45281d_0
15f032e838d8b3f1ab0023eb3b45281d,3,Jackson had been administered propofol and anti-anxiety benzodiazepines lorazepam and midazolam by his doctor.,41,"['Jackson', 'administer', 'propofol', 'antianxiety', 'benzodiazepine', 'lorazepam', 'midazolam', 'doctor']","['antianxiety', 'propofol', 'Jackson', 'doctor', 'administer', 'benzodiazepine', 'midazolam', 'lorazepam']","[('Jackson', 'ORG')]",15f032e838d8b3f1ab0023eb3b45281d_3
9b02d1c112135b13a142372e9b6ac135,1,The U.S. Army Air Service played a significant role in this action.,54,"['US', 'Army', 'Air', 'Service', 'play', 'significant', 'role', 'action']","['significant', 'action', 'play', 'US', 'Service', 'Army', 'Air', 'role']","[('The U.S. Army Air Service', 'ORG')]",9b02d1c112135b13a142372e9b6ac135_1
3242481e82a9a7b24c1bd35120cd2077,6,The tournament was to feature over 30 international cricketers and be the first of its kind in Sri Lanka.,84,"['tournament', 'feature', 'international', 'cricketer', 'first', 'kind', 'Sri', 'Lanka']","['international', 'first', 'Lanka', 'feature', 'Sri', 'kind', 'tournament', 'cricketer']","[('30', 'CARDINAL'), ('first', 'ORDINAL'), ('Sri Lanka', 'GPE')]",3242481e82a9a7b24c1bd35120cd2077_6
3242481e82a9a7b24c1bd35120cd2077,5,The teams were to be captained by six national captains and a former Sri Lanka vice-captain.,41,"['team', 'captain', 'six', 'national', 'captain', 'former', 'Sri', 'Lanka', 'vicecaptain']","['former', 'team', 'vicecaptain', 'six', 'Lanka', 'Sri', 'captain', 'national']","[('six', 'CARDINAL'), ('Sri Lanka', 'GPE')]",3242481e82a9a7b24c1bd35120cd2077_5
76d5454e5f0d698685d9ce66ea7ef420,10,Kopechne died inside the fully submerged car.,13,"['Kopechne', 'die', 'inside', 'fully', 'submerge', 'car']","['Kopechne', 'car', 'die', 'inside', 'submerge', 'fully']","[('Kopechne', 'ORG')]",76d5454e5f0d698685d9ce66ea7ef420_10
76d5454e5f0d698685d9ce66ea7ef420,11,A diver recovered Kopechne's body from inside the car shortly before 9a.m.,27,"['diver', 'recover', 'Kopechnes', 'body', 'inside', 'car', 'sholy', '9', 'a.m.']","['9', 'car', 'body', 'Kopechnes', 'diver', 'inside', 'a.m.', 'recover', 'sholy']","[('Kopechne', 'ORG'), ('9a.m.', 'TIME')]",76d5454e5f0d698685d9ce66ea7ef420_11
1d019f861c90f2ecf4b6c0ac826efb76,20,"To everyone's surprise, ethnic German Klaus Iohannis won the election.",96,"['everyones', 'surprise', 'ethnic', 'german', 'Klaus', 'Iohannis', 'election']","['Iohannis', 'everyones', 'surprise', 'Klaus', 'ethnic', 'german', 'election']","[('German', 'NORP'), ('Klaus Iohannis', 'PERSON')]",1d019f861c90f2ecf4b6c0ac826efb76_20
1d019f861c90f2ecf4b6c0ac826efb76,5,"In the first six months of the year, three governments have been changed.",65,"['first', 'six', 'month', 'year', 'three', 'government', 'change']","['government', 'change', 'month', 'first', 'six', 'three', 'year']","[('the first six months of the year', 'DATE'), ('three', 'CARDINAL')]",1d019f861c90f2ecf4b6c0ac826efb76_5
1d019f861c90f2ecf4b6c0ac826efb76,17,"In the winter of 2014, the ruling alliance collapsed, after internal tensions between PSD and PNL.",12,"['winter', 'ruling', 'alliance', 'collapse', 'internal', 'tension', 'PSD', 'PNL']","['PNL', 'ruling', 'collapse', 'tension', 'internal', 'PSD', 'alliance', 'winter']","[('the winter of 2014', 'DATE'), ('PSD', 'ORG'), ('PNL', 'ORG')]",1d019f861c90f2ecf4b6c0ac826efb76_17
3c62de442b638d708d15c1e4213fe310,1,"Danny Willett won his first major championship, three strokes ahead of runners-up Lee Westwood and defending champion Jordan Spieth.",43,"['Danny', 'Willett', 'first', 'major', 'championship', 'three', 'stroke', 'ahead', 'runnersup', 'Lee', 'Westwood', 'defend', 'champion', 'Jordan', 'Spieth']","['Spieth', 'Danny', 'champion', 'first', 'stroke', 'Westwood', 'defend', 'Jordan', 'three', 'major', 'ahead', 'runnersup', 'championship', 'Willett', 'Lee']","[('Danny Willett', 'PERSON'), ('first', 'ORDINAL'), ('three', 'CARDINAL'), ('Lee Westwood', 'PERSON'), ('Jordan Spieth', 'PERSON')]",3c62de442b638d708d15c1e4213fe310_1
089588f5b8a75749e91c388cbb917955,5,The Iranians blundered into the ambush and the two tank forces battled for four days in a sea of mud.,19,"['Iranians', 'blunder', 'ambush', 'two', 'tank', 'force', 'battle', 'four', 'day', 'sea', 'mud']","['mud', 'ambush', 'two', 'sea', 'Iranians', 'force', 'battle', 'tank', 'blunder', 'day', 'four']","[('Iranians', 'NORP'), ('two', 'CARDINAL'), ('four days', 'DATE')]",089588f5b8a75749e91c388cbb917955_5
089588f5b8a75749e91c388cbb917955,4,The Iraqis formed three armored brigades into a three-sided box ambush.,29,"['Iraqis', 'form', 'three', 'armored', 'brigade', 'threeside', 'box', 'ambush']","['armored', 'ambush', 'Iraqis', 'threeside', 'three', 'brigade', 'form', 'box']","[('Iraqis', 'NORP'), ('three', 'CARDINAL'), ('three', 'CARDINAL')]",089588f5b8a75749e91c388cbb917955_4
7b2925b551cf2a847187bc929f3d5f49,0,"The Thanh Hóa Bridge (Vietnamese: Cầu Hàm Rồng, Hàm Rồng Bridge), spanning the Song Ma river, is situated northeast of Thanh Hóa (), the capital of Thanh Hóa Province in Vietnam.",4,"['Thanh', 'Hóa', 'Bridge', 'vietnamese', 'Cầu', 'Hàm', 'Rồng', 'Hàm', 'Rồng', 'Bridge', 'span', 'Song', 'river', 'situate', 'noheast', 'Thanh', 'Hóa', 'capital', 'Thanh', 'Hóa', 'Province', 'Vietnam']","['Hàm', 'situate', 'noheast', 'Song', 'Thanh', 'span', 'river', 'capital', 'Vietnam', 'Cầu', 'Bridge', 'Province', 'Hóa', 'Rồng', 'vietnamese']","[('The Thanh Hóa Bridge', 'ORG'), ('Vietnamese', 'NORP'), ('Cầu Hàm Rồng', 'PERSON'), ('Hàm Rồng Bridge', 'WORK_OF_ART'), ('Song Ma', 'GPE'), ('Thanh Hóa (),', 'FAC'), ('Thanh Hóa Province', 'GPE'), ('Vietnam', 'GPE')]",7b2925b551cf2a847187bc929f3d5f49_0
c0be3841d33a7eaa11ebf0cc021679ff,2,"In the early 1960s, Birmingham was one of the most racially divided cities in the United States, both as enforced by law and culturally.",50,"['early', '1960s', 'Birmingham', 'one', 'racially', 'divide', 'city', 'United', 'States', 'enforce', 'law', 'culturally']","['States', 'early', 'United', 'one', 'Birmingham', 'racially', 'city', 'divide', '1960s', 'enforce', 'law', 'culturally']","[('the early 1960s', 'DATE'), ('Birmingham', 'GPE'), ('the United States', 'GPE')]",c0be3841d33a7eaa11ebf0cc021679ff_2
c0be3841d33a7eaa11ebf0cc021679ff,4,Martin Luther King Jr. called it the most segregated city in the country.,69,"['Main', 'Luther', 'King', 'Jr', 'call', 'segregate', 'city', 'country']","['call', 'King', 'Main', 'segregate', 'Luther', 'city', 'Jr', 'country']","[('Martin Luther King Jr.', 'PERSON')]",c0be3841d33a7eaa11ebf0cc021679ff_4
f554aab1bc90ec35eadda347226cb881,3,"The crew, probably under the mistaken belief that the aircraft had suffered a double engine flame-out, did not take the necessary actions to recover from the stall.",34,"['crew', 'probably', 'mistake', 'belief', 'aircraft', 'suffer', 'double', 'engine', 'flameout', 'take', 'necessary', 'action', 'recover', 'stall']","['probably', 'engine', 'stall', 'aircraft', 'action', 'double', 'suffer', 'crew', 'belief', 'necessary', 'mistake', 'recover', 'take', 'flameout']",[],f554aab1bc90ec35eadda347226cb881_3
f554aab1bc90ec35eadda347226cb881,8,Most of the passengers were tourists returning from a week's vacation in Panama.,6,"['passenger', 'tourist', 'return', 'week', 'vacation', 'Panama']","['passenger', 'Panama', 'return', 'tourist', 'vacation', 'week']","[('week', 'DATE'), ('Panama', 'GPE')]",f554aab1bc90ec35eadda347226cb881_8
d3d9bc5a95731a3bd1afee225cfe4473,5,This weakened the military and economic power of the central rulers.,129,"['weaken', 'military', 'economic', 'power', 'central', 'ruler']","['military', 'economic', 'weaken', 'central', 'ruler', 'power']",[],d3d9bc5a95731a3bd1afee225cfe4473_5
d3d9bc5a95731a3bd1afee225cfe4473,9,"During the civil war in Byzantium in 1320s and 1330s, the Serbs conquered most of the Bulgarian and Aromanian populated Macedonia from the Byzantines.",21,"['civil', 'war', 'Byzantium', '1320s', '1330s', 'Serbs', 'conquer', 'bulgarian', 'Aromanian', 'populate', 'Macedonia', 'Byzantines']","['populate', '1330s', 'Serbs', '1320s', 'Aromanian', 'Byzantines', 'war', 'conquer', 'bulgarian', 'Byzantium', 'Macedonia', 'civil']","[('Byzantium', 'LOC'), ('1320s', 'DATE'), ('1330s', 'DATE'), ('Serbs', 'NORP'), ('Bulgarian', 'NORP'), ('Aromanian', 'NORP'), ('Macedonia', 'GPE'), ('Byzantines', 'NORP')]",d3d9bc5a95731a3bd1afee225cfe4473_9
d3d9bc5a95731a3bd1afee225cfe4473,15,"In addition to the mainly Orthodox countries such as Bulgaria, Byzantium and Serbia, there were a number of Catholic possessions to the west and south held by Venice, Genoa and the Kingdom of Hungary as well as Kingdom of Bosnia whose Bosnian Church (closely related to the Bogomils) was considered heretic by both Orthodox and Catholics.",43,"['addition', 'mainly', 'Ohodox', 'countrie', 'Bulgaria', 'Byzantium', 'Serbia', 'number', 'catholic', 'possession', 'west', 'south', 'hold', 'Venice', 'Genoa', 'Kingdom', 'Hungary', 'well', 'Kingdom', 'Bosnia', 'whose', 'Bosnian', 'Church', 'closely', 'related', 'Bogomils', 'consider', 'heretic', 'Ohodox', 'Catholics']","['south', 'Hungary', 'west', 'Byzantium', 'well', 'countrie', 'Serbia', 'Genoa', 'closely', 'mainly', 'Bosnian', 'Bosnia', 'addition', 'Kingdom', 'Church', 'consider', 'Catholics', 'Bulgaria', 'hold', 'possession', 'number', 'Bogomils', 'whose', 'related', 'catholic', 'Ohodox', 'heretic', 'Venice']","[('Orthodox', 'NORP'), ('Bulgaria', 'GPE'), ('Byzantium', 'LOC'), ('Serbia', 'GPE'), ('Catholic', 'NORP'), ('Venice', 'GPE'), ('Genoa', 'GPE'), ('the Kingdom of Hungary', 'GPE'), ('Kingdom of Bosnia', 'GPE'), ('Bosnian Church', 'ORG'), ('Orthodox', 'NORP'), ('Catholics', 'NORP')]",d3d9bc5a95731a3bd1afee225cfe4473_15
d3d9bc5a95731a3bd1afee225cfe4473,18,During the civil war in Byzantium both Palaiologos and Kantakouzenos were trying to find external allies and used foreign mercenaries.,28,"['civil', 'war', 'Byzantium', 'Palaiologos', 'Kantakouzenos', 'try', 'find', 'external', 'ally', 'use', 'foreign', 'mercenary']","['foreign', 'Kantakouzenos', 'use', 'mercenary', 'Palaiologos', 'ally', 'war', 'try', 'Byzantium', 'find', 'external', 'civil']","[('Byzantium', 'LOC'), ('Palaiologos', 'PERSON'), ('Kantakouzenos', 'PERSON')]",d3d9bc5a95731a3bd1afee225cfe4473_18
d3d9bc5a95731a3bd1afee225cfe4473,19,The Bulgarian Emperor supported the first opponent whose stronghold was Constantinople.,42,"['Bulgarian', 'Emperor', 'suppoed', 'first', 'opponent', 'whose', 'stronghold', 'Constantinople']","['opponent', 'suppoed', 'whose', 'stronghold', 'first', 'Bulgarian', 'Constantinople', 'Emperor']","[('Bulgarian', 'NORP'), ('first', 'ORDINAL'), ('Constantinople', 'LOC')]",d3d9bc5a95731a3bd1afee225cfe4473_19
d3d9bc5a95731a3bd1afee225cfe4473,3,The situation in the Balkans on the eve of the Ottoman invasion.,23,"['situation', 'Balkans', 'eve', 'ottoman', 'invasion']","['invasion', 'Balkans', 'eve', 'situation', 'ottoman']","[('Balkans', 'LOC'), ('Ottoman', 'NORP')]",d3d9bc5a95731a3bd1afee225cfe4473_3
d3d9bc5a95731a3bd1afee225cfe4473,32,"In the same year the Ottomans seized their first fortress on the Balkans, Tsimpe on the Gallipoli peninsula, setting firm foot in Europe.",4,"['year', 'Ottomans', 'seize', 'first', 'foress', 'Balkans', 'Tsimpe', 'Gallipoli', 'peninsula', 'set', 'firm', 'foot', 'Europe']","['foot', 'Ottomans', 'set', 'Balkans', 'first', 'Europe', 'Tsimpe', 'peninsula', 'year', 'firm', 'Gallipoli', 'seize', 'foress']","[('the same year', 'DATE'), ('Ottomans', 'NORP'), ('first', 'ORDINAL'), ('Balkans', 'LOC'), ('Tsimpe', 'ORG'), ('Gallipoli', 'GPE'), ('Europe', 'LOC')]",d3d9bc5a95731a3bd1afee225cfe4473_32
d3d9bc5a95731a3bd1afee225cfe4473,13,Lack of stability was eminent in the southern Balkans as well: in 1341–1347 the Byzantine Empire was shaken by a bloody civil war between John V Palaiologos and John VI Kantakouzenos.,10,"['lack', 'stability', 'eminent', 'southern', 'Balkans', 'well', '1341–1347', 'Byzantine', 'Empire', 'shake', 'bloody', 'civil', 'war', 'John', 'Palaiologos', 'John', 'VI', 'Kantakouzenos']","['Kantakouzenos', 'Byzantine', 'lack', 'Empire', 'Balkans', 'Palaiologos', 'shake', 'bloody', 'John', 'southern', 'war', 'VI', 'eminent', 'well', '1341–1347', 'stability', 'civil']","[('Balkans', 'LOC'), ('the Byzantine Empire', 'GPE'), ('John V Palaiologos', 'PERSON'), ('John VI Kantakouzenos', 'PERSON')]",d3d9bc5a95731a3bd1afee225cfe4473_13
d3d9bc5a95731a3bd1afee225cfe4473,24,In June he defeated the Ottoman fleet near the Portogalos bay.,21,"['June', 'defeat', 'Ottoman', 'fleet', 'near', 'Poogalos', 'bay']","['Poogalos', 'defeat', 'fleet', 'June', 'bay', 'Ottoman', 'near']","[('June', 'DATE'), ('Ottoman', 'NORP'), ('Portogalos', 'GPE')]",d3d9bc5a95731a3bd1afee225cfe4473_24
d3d9bc5a95731a3bd1afee225cfe4473,28,"Soon after, on 7 July 1345, Ottoman forces under Umur Beg defeated Momchil's army in the battle of Peritor near his capital Xanthi.",21,"['soon', 'July', 'Ottoman', 'force', 'Umur', 'Beg', 'defeat', 'Momchils', 'army', 'battle', 'Peritor', 'near', 'capital', 'Xanthi']","['defeat', 'soon', 'Xanthi', 'Beg', 'capital', 'force', 'Momchils', 'battle', 'Umur', 'Ottoman', 'near', 'Peritor', 'July', 'army']","[('7 July 1345', 'DATE'), ('Ottoman', 'NORP'), ('Umur', 'GPE'), ('Momchil', 'PERSON'), ('Peritor', 'ORG'), ('Xanthi', 'PERSON')]",d3d9bc5a95731a3bd1afee225cfe4473_28
d3d9bc5a95731a3bd1afee225cfe4473,33,Until 1354 Ottoman forces again ravaged the lands around Yambol and Plovdiv as well as the lower valleys of the Maritsa and Tundzha rivers.,12,"['ottoman', 'force', 'ravage', 'land', 'around', 'Yambol', 'Plovdiv', 'well', 'low', 'valley', 'maritsa', 'Tundzha', 'river']","['land', 'ravage', 'river', 'force', 'maritsa', 'around', 'low', 'Plovdiv', 'well', 'ottoman', 'valley', 'Yambol', 'Tundzha']","[('1354', 'CARDINAL'), ('Ottoman', 'NORP'), ('Yambol', 'GPE'), ('Plovdiv', 'GPE'), ('Maritsa', 'LOC'), ('Tundzha', 'GPE')]",d3d9bc5a95731a3bd1afee225cfe4473_33
d3d9bc5a95731a3bd1afee225cfe4473,34,"In 1355 the Ottomans launched a campaign towards Sofia, but were soon engaged by the army of Ivan Alexander's eldest son and heir Michael Asen close to Ihtiman.",31,"['othman', 'launch', 'campaign', 'towards', 'Sofia', 'soon', 'engage', 'army', 'Ivan', 'Alexanders', 'eld', 'son', 'heir', 'Michael', 'Asen', 'close', 'Ihtiman']","['Michael', 'campaign', 'soon', 'Ivan', 'heir', 'engage', 'Sofia', 'launch', 'close', 'eld', 'towards', 'Ihtiman', 'othman', 'son', 'Asen', 'army', 'Alexanders']","[('1355', 'CARDINAL'), ('Ottomans', 'NORP'), ('Sofia', 'GPE'), (""Ivan Alexander's"", 'PERSON'), ('Michael Asen', 'PERSON'), ('Ihtiman', 'GPE')]",d3d9bc5a95731a3bd1afee225cfe4473_34
d56717052ba1bdddd460b053ac4f2c07,6,The siege began on 15 September.,31,"['siege', 'begin', 'September']","['begin', 'siege', 'September']","[('15 September', 'DATE')]",d56717052ba1bdddd460b053ac4f2c07_6
d56717052ba1bdddd460b053ac4f2c07,1,Imperial forces had captured the Venetian city of Padua in June 1509.,21,"['imperial', 'force', 'capture', 'venetian', 'city', 'Padua', 'June']","['Padua', 'capture', 'venetian', 'June', 'force', 'city', 'imperial']","[('Imperial', 'ORG'), ('Venetian', 'NORP'), ('Padua', 'GPE'), ('June 1509', 'DATE')]",d56717052ba1bdddd460b053ac4f2c07_1
cedbec730fde60c026025d895d0f0d34,3,"Longing for opportunities to expand the group's lineup, Vaughan and Double Trouble hired keyboardist Reese Wynans during the ""Soul to Soul"" recording sessions in Dallas, Texas.",139,"['longing', 'oppounitie', 'expand', 'group', 'lineup', 'Vaughan', 'Double', 'trouble', 'hire', 'keyboardist', 'Reese', 'Wynans', 'Soul', 'soul', 'recording', 'session', 'Dallas', 'Texas']","['Texas', 'longing', 'lineup', 'group', 'keyboardist', 'soul', 'Double', 'recording', 'session', 'Vaughan', 'Soul', 'trouble', 'Wynans', 'oppounitie', 'hire', 'Reese', 'Dallas', 'expand']","[('Vaughan', 'PERSON'), ('Reese Wynans', 'PERSON'), ('""Soul to Soul', 'WORK_OF_ART'), ('Dallas', 'GPE'), ('Texas', 'GPE')]",cedbec730fde60c026025d895d0f0d34_3
cedbec730fde60c026025d895d0f0d34,5,"The first leg of the tour's itinerary took the band to the United States and then on to Europe, where they performed for nearly two weeks.",89,"['first', 'leg', 'tour', 'itinerary', 'take', 'band', 'United', 'States', 'Europe', 'perform', 'nearly', 'two', 'week']","['States', 'United', 'perform', 'two', 'band', 'week', 'itinerary', 'first', 'Europe', 'leg', 'nearly', 'tour', 'take']","[('first', 'ORDINAL'), ('the United States', 'GPE'), ('Europe', 'LOC'), ('nearly two weeks', 'DATE')]",cedbec730fde60c026025d895d0f0d34_5
cedbec730fde60c026025d895d0f0d34,9,"Although the tour elicited a variety of reactions from music critics, it was generally well-received.",5,"['although', 'tour', 'elicit', 'variety', 'reaction', 'music', 'critic', 'generally', 'wellreceive']","['although', 'reaction', 'critic', 'variety', 'elicit', 'wellreceive', 'tour', 'music', 'generally']",[],cedbec730fde60c026025d895d0f0d34_9
cedbec730fde60c026025d895d0f0d34,10,"Among several sold-out shows, the Farm Aid concert sold over 40,000 tickets.",116,"['among', 'several', 'soldout', 'show', 'Farm', 'aid', 'conce', 'sell', 'ticket']","['sell', 'soldout', 'ticket', 'Farm', 'aid', 'conce', 'show', 'among', 'several']","[('Farm Aid', 'ORG'), ('over 40,000', 'CARDINAL')]",cedbec730fde60c026025d895d0f0d34_10
cedbec730fde60c026025d895d0f0d34,12,"The length of the Soul to Soul Tour, then Vaughan and Double Trouble's longest, exhausted the band as the final leg unfolded.",76,"['length', 'soul', 'soul', 'Tour', 'Vaughan', 'Double', 'trouble', 'longest', 'exhausted', 'band', 'final', 'leg', 'unfold']","['longest', 'soul', 'band', 'Double', 'final', 'exhausted', 'Tour', 'leg', 'unfold', 'Vaughan', 'trouble', 'length']","[('the Soul to Soul Tour', 'WORK_OF_ART'), ('Vaughan', 'PERSON')]",cedbec730fde60c026025d895d0f0d34_12
cedbec730fde60c026025d895d0f0d34,2,"Their commercial and critical acclaim had been demonstrated during the Couldn't Stand the Weather Tour in 1984, when they had played before a sold-out audience at Carnegie Hall.",8,"['commercial', 'critical', 'acclaim', 'demonstrate', 'could', 'not', 'stand', 'Weather', 'Tour', 'play', 'soldout', 'audience', 'Carnegie', 'Hall']","['acclaim', 'audience', 'soldout', 'play', 'critical', 'Carnegie', 'Tour', 'Hall', 'Weather', 'stand', 'demonstrate', 'commercial', 'not', 'could']","[('1984', 'DATE'), ('Carnegie Hall', 'ORG')]",cedbec730fde60c026025d895d0f0d34_2
cedbec730fde60c026025d895d0f0d34,4,"Throughout the tour, the band's success was confirmed as their performances consistently amazed and gratified their audiences.",18,"['throughout', 'tour', 'band', 'success', 'confirm', 'performance', 'consistently', 'amaze', 'gratified', 'audience']","['amaze', 'confirm', 'success', 'band', 'performance', 'consistently', 'throughout', 'gratified', 'tour', 'audience']",[],cedbec730fde60c026025d895d0f0d34_4
8eb177b649f5d27644631006a0494d77,4,The U.S. became re-involved in 2014 at the head of a new coalition; the insurgency and many dimensions of the civil armed conflict continue.,126,"['US', 'become', 'reinvolved', 'head', 'new', 'coalition', 'insurgency', 'many', 'dimension', 'civil', 'armed', 'conflict', 'continue']","['insurgency', 'dimension', 'conflict', 'coalition', 'many', 'reinvolved', 'US', 'continue', 'civil', 'new', 'head', 'armed', 'become']","[('U.S.', 'GPE'), ('2014', 'DATE')]",8eb177b649f5d27644631006a0494d77_4
8eb177b649f5d27644631006a0494d77,24,Nouri al-Maliki became Prime Minister in 2006 and remained in office until 2014.,126,"['Nouri', 'alMaliki', 'become', 'Prime', 'Minister', 'remain', 'office']","['Minister', 'Nouri', 'alMaliki', 'Prime', 'office', 'remain', 'become']","[('Nouri al-Maliki', 'PERSON'), ('2006', 'DATE'), ('2014', 'DATE')]",8eb177b649f5d27644631006a0494d77_24
8eb177b649f5d27644631006a0494d77,13,"The surge in troops gave greater security to Iraq's government and military, and was largely a success.",68,"['surge', 'troop', 'give', 'great', 'security', 'iraqs', 'government', 'military', 'largely', 'success']","['government', 'success', 'give', 'military', 'largely', 'troop', 'security', 'great', 'iraqs', 'surge']","[('Iraq', 'GPE')]",8eb177b649f5d27644631006a0494d77_13
8eb177b649f5d27644631006a0494d77,15,The U.S. formally withdrew all combat troops from Iraq by December 2011.,97,"['US', 'formally', 'withdraw', 'combat', 'troop', 'Iraq', 'December']","['combat', 'Iraq', 'withdraw', 'formally', 'US', 'troop', 'December']","[('U.S.', 'GPE'), ('Iraq', 'GPE'), ('December 2011', 'DATE')]",8eb177b649f5d27644631006a0494d77_15
8eb177b649f5d27644631006a0494d77,2,"An estimated 151,000 to 600,000 or more Iraqis were killed in the first three to four years of conflict.",20,"['estimate', 'Iraqis', 'kill', 'first', 'three', 'four', 'year', 'conflict']","['conflict', 'kill', 'estimate', 'first', 'Iraqis', 'three', 'year', 'four']","[('An estimated 151,000', 'CARDINAL'), ('Iraqis', 'NORP'), ('the first three to four years', 'DATE')]",8eb177b649f5d27644631006a0494d77_2
8eb177b649f5d27644631006a0494d77,5,The invasion occurred as part of a declared war against international terrorism and its sponsors under the administration of U.S. President George W. Bush following the September 11 terrorist attacks.,29,"['invasion', 'occur', 'pa', 'declare', 'war', 'international', 'terrorism', 'sponsor', 'administration', 'US', 'President', 'George', 'Bush', 'follow', 'September', 'terrorist', 'attack']","['President', 'pa', 'attack', 'invasion', 'terrorist', 'international', 'war', 'terrorism', 'US', 'Bush', 'September', 'sponsor', 'follow', 'declare', 'occur', 'George', 'administration']","[('U.S.', 'GPE'), ('George W. Bush', 'PERSON'), ('September 11', 'DATE')]",8eb177b649f5d27644631006a0494d77_5
8eb177b649f5d27644631006a0494d77,28,The majority of deaths occurred as a result of the insurgency and civil conflicts between 2004 and 2007.,29,"['majority', 'death', 'occur', 'result', 'insurgency', 'civil', 'conflict']","['insurgency', 'conflict', 'death', 'majority', 'result', 'occur', 'civil']","[('between 2004 and 2007', 'DATE')]",8eb177b649f5d27644631006a0494d77_28
8eb177b649f5d27644631006a0494d77,12,"The United States responded with a troop surge in 2007, a build up of 170,000 troops.",105,"['United', 'States', 'respond', 'troop', 'surge', 'build', 'troop']","['States', 'United', 'respond', 'troop', 'build', 'surge']","[('The United States', 'GPE'), ('2007', 'DATE'), ('170,000', 'CARDINAL')]",8eb177b649f5d27644631006a0494d77_12
8eb177b649f5d27644631006a0494d77,19,No stockpiles of WMDs or an active WMD program were ever found in Iraq.,1,"['stockpile', 'wmd', 'active', 'WMD', 'program', 'ever', 'find', 'Iraq']","['wmd', 'program', 'active', 'Iraq', 'ever', 'find', 'stockpile', 'WMD']","[('WMD', 'ORG'), ('Iraq', 'GPE')]",8eb177b649f5d27644631006a0494d77_19
8eb177b649f5d27644631006a0494d77,27,The Iraq War caused over a hundred thousand civilian deaths and tens of thousands of military deaths (see estimates below).,5,"['Iraq', 'War', 'cause', 'hundred', 'thousand', 'civilian', 'death', 'ten', 'thousand', 'military', 'death', 'see', 'estimate']","['thousand', 'estimate', 'civilian', 'ten', 'cause', 'Iraq', 'death', 'military', 'hundred', 'see', 'War']","[('The Iraq War', 'EVENT'), ('hundred thousand', 'CARDINAL'), ('tens of thousands', 'CARDINAL')]",8eb177b649f5d27644631006a0494d77_27
8eb177b649f5d27644631006a0494d77,8,Iraqi forces were quickly overwhelmed as U.S.-led forces swept through the country.,12,"['iraqi', 'force', 'quickly', 'overwhelm', 'usled', 'force', 'sweep', 'country']","['iraqi', 'overwhelm', 'sweep', 'quickly', 'force', 'usled', 'country']","[('Iraqi', 'NORP')]",8eb177b649f5d27644631006a0494d77_8
8eb177b649f5d27644631006a0494d77,11,Many violent insurgent groups were supported by Iran and al-Qaeda in Iraq.,130,"['many', 'violent', 'insurgent', 'group', 'suppoed', 'Iran', 'alQaeda', 'Iraq']","['insurgent', 'group', 'suppoed', 'many', 'Iraq', 'Iran', 'alQaeda', 'violent']","[('Iran', 'GPE'), ('al-Qaeda', 'ORG'), ('Iraq', 'GPE')]",8eb177b649f5d27644631006a0494d77_11
8eb177b649f5d27644631006a0494d77,14,The winding down of U.S. involvement in Iraq accelerated under President Barack Obama.,32,"['wind', 'US', 'involvement', 'Iraq', 'accelerate', 'President', 'Barack', 'Obama']","['President', 'Obama', 'wind', 'Iraq', 'involvement', 'US', 'accelerate', 'Barack']","[('U.S.', 'GPE'), ('Iraq', 'GPE'), ('Barack Obama', 'PERSON')]",8eb177b649f5d27644631006a0494d77_14
8eb177b649f5d27644631006a0494d77,18,"In 2004, the 9/11 Commission said there was no evidence of an operational relationship between the Saddam Hussein regime and al-Qaeda.",36,"['Commission', 'say', 'evidence', 'operational', 'relationship', 'Saddam', 'Hussein', 'regime', 'alQaeda']","['evidence', 'relationship', 'Hussein', 'say', 'regime', 'Saddam', 'alQaeda', 'Commission', 'operational']","[('2004', 'DATE'), ('the 9/11 Commission', 'ORG'), ('Saddam Hussein', 'PERSON'), ('al-Qaeda', 'ORG')]",8eb177b649f5d27644631006a0494d77_18
8eb177b649f5d27644631006a0494d77,21,The rationale of U.S. pre-war intelligence faced heavy criticism both domestically and internationally.,110,"['rationale', 'US', 'prewar', 'intelligence', 'face', 'heavy', 'criticism', 'domestically', 'internationally']","['criticism', 'rationale', 'heavy', 'prewar', 'domestically', 'face', 'US', 'internationally', 'intelligence']","[('U.S.', 'GPE')]",8eb177b649f5d27644631006a0494d77_21
8eb177b649f5d27644631006a0494d77,25,The al-Maliki government enacted policies that were widely seen as having the effect of alienating the country's Sunni minority and worsening sectarian tensions.,50,"['almaliki', 'government', 'enact', 'policy', 'widely', 'see', 'effect', 'alienate', 'countrys', 'sunni', 'minority', 'worsen', 'sectarian', 'tension']","['government', 'almaliki', 'see', 'tension', 'sectarian', 'effect', 'worsen', 'alienate', 'policy', 'sunni', 'minority', 'widely', 'enact', 'countrys']","[('al-Maliki', 'PERSON'), ('Sunni', 'NORP')]",8eb177b649f5d27644631006a0494d77_25
c0957553132ee0047c74d6aed8451f36,12,"The war concluded with the Treaty of Portsmouth, mediated by US President Theodore Roosevelt.",61,"['war', 'conclude', 'Treaty', 'Posmouth', 'mediate', 'US', 'President', 'Theodore', 'Roosevelt']","['President', 'Treaty', 'war', 'mediate', 'US', 'Roosevelt', 'conclude', 'Posmouth', 'Theodore']","[('US', 'GPE'), ('Theodore Roosevelt', 'PERSON')]",c0957553132ee0047c74d6aed8451f36_12
c0957553132ee0047c74d6aed8451f36,3,"Vladivostok was operational only during the summer, whereas Port Arthur, a naval base in Liaodong Province leased to Russia by China, was operational all year.",111,"['Vladivostok', 'operational', 'summer', 'whereas', 'Po', 'Ahur', 'naval', 'base', 'Liaodong', 'Province', 'lease', 'Russia', 'China', 'operational', 'year']","['China', 'lease', 'Russia', 'Vladivostok', 'naval', 'base', 'summer', 'year', 'Province', 'Ahur', 'operational', 'whereas', 'Liaodong', 'Po']","[('Vladivostok', 'GPE'), ('the summer', 'DATE'), ('Port Arthur', 'ORG'), ('Liaodong Province', 'GPE'), ('Russia', 'GPE'), ('China', 'GPE'), ('all year', 'DATE')]",c0957553132ee0047c74d6aed8451f36_3
c0957553132ee0047c74d6aed8451f36,15,It was the first major military victory in the modern era of an Asian power over a European one.,58,"['first', 'major', 'military', 'victory', 'modern', 'era', 'asian', 'power', 'european', 'one']","['asian', 'era', 'victory', 'one', 'military', 'first', 'european', 'modern', 'major', 'power']","[('first', 'ORDINAL'), ('the modern era', 'DATE'), ('Asian', 'NORP'), ('European', 'NORP')]",c0957553132ee0047c74d6aed8451f36_15
1e783d3015106a4b291b917f542b8164,7,"On the night of 1 September, during a bout of stormy weather, several Norwegian vessels were driven aground on the Ayrshire coast, near present-day Largs.",10,"['night', 'September', 'bout', 'stormy', 'weather', 'several', 'norwegian', 'vessel', 'drive', 'aground', 'Ayrshire', 'coast', 'near', 'presentday', 'Largs']","['Ayrshire', 'stormy', 'drive', 'near', 'coast', 'night', 'weather', 'Largs', 'norwegian', 'aground', 'presentday', 'September', 'several', 'vessel', 'bout']","[('the night of 1 September', 'TIME'), ('Norwegian', 'NORP'), ('Ayrshire', 'GPE'), ('present-day', 'DATE'), ('Largs', 'PERSON')]",1e783d3015106a4b291b917f542b8164_7
1e783d3015106a4b291b917f542b8164,10,The Norwegians were gathered in two groups: the larger main force on the beach and a small contingent atop a nearby mound.,135,"['Norwegians', 'gather', 'two', 'group', 'large', 'main', 'force', 'beach', 'small', 'contingent', 'atop', 'nearby', 'mound']","['large', 'small', 'two', 'group', 'contingent', 'force', 'beach', 'Norwegians', 'nearby', 'atop', 'gather', 'mound', 'main']","[('Norwegians', 'NORP'), ('two', 'CARDINAL')]",1e783d3015106a4b291b917f542b8164_10
1e783d3015106a4b291b917f542b8164,3,"In the mid-13th century, two Scottish kings, Alexander II and his son Alexander III, attempted to incorporate the region into their own realm.",30,"['mid13th', 'century', 'two', 'scottish', 'king', 'Alexander', 'II', 'son', 'Alexander', 'III', 'attempt', 'incorporate', 'region', 'realm']","['realm', 'scottish', 'two', 'incorporate', 'mid13th', 'II', 'king', 'century', 'Alexander', 'attempt', 'region', 'son', 'III']","[('the mid-13th century', 'DATE'), ('two', 'CARDINAL'), ('Scottish', 'NORP'), ('Alexander II', 'PERSON'), ('Alexander III', 'PERSON')]",1e783d3015106a4b291b917f542b8164_3
1e783d3015106a4b291b917f542b8164,9,"Composed of infantry and cavalry, the Scottish force was commanded by Alexander of Dundonald, Steward of Scotland.",41,"['compose', 'infantry', 'cavalry', 'scottish', 'force', 'command', 'Alexander', 'Dundonald', 'Steward', 'Scotland']","['scottish', 'compose', 'force', 'cavalry', 'Dundonald', 'Scotland', 'Steward', 'Alexander', 'infantry', 'command']","[('Scottish', 'NORP'), ('Alexander of Dundonald', 'PERSON'), ('Scotland', 'GPE')]",1e783d3015106a4b291b917f542b8164_9
1e783d3015106a4b291b917f542b8164,17,"With the weather deteriorating, Haakon's fleet sailed to Orkney to overwinter.",46,"['weather', 'deteriorate', 'Haakons', 'fleet', 'sail', 'Orkney', 'overwinter']","['fleet', 'weather', 'Orkney', 'deteriorate', 'Haakons', 'overwinter', 'sail']","[('Haakon', 'PERSON'), ('Orkney', 'GPE')]",1e783d3015106a4b291b917f542b8164_17
d919e80d69ba30196ded6eff9ed0010a,2,"Later a third son, al-Qasim, had been designated as third successor.",25,"['later', 'third', 'son', 'alQasim', 'designate', 'third', 'successor']","['son', 'designate', 'third', 'alQasim', 'successor', 'later']","[('third', 'ORDINAL'), ('al-Qasim', 'PERSON'), ('third', 'ORDINAL')]",d919e80d69ba30196ded6eff9ed0010a_2
eb336b1b32f87a6087e2144eedbd027a,1,"It was fought from April 30 to May 6, 1863, in Spotsylvania County, Virginia, near the village of Chancellorsville.",19,"['fight', 'April', 'May', 'Spotsylvania', 'County', 'Virginia', 'near', 'village', 'Chancellorsville']","['May', 'Virginia', 'County', 'April', 'village', 'fight', 'Spotsylvania', 'Chancellorsville', 'near']","[('April 30 to May 6, 1863', 'DATE'), ('Spotsylvania County', 'GPE'), ('Virginia', 'GPE'), ('Chancellorsville', 'GPE')]",eb336b1b32f87a6087e2144eedbd027a_1
eb336b1b32f87a6087e2144eedbd027a,12,This operation was completely ineffectual.,45,"['operation', 'completely', 'ineffectual']","['ineffectual', 'operation', 'completely']",[],eb336b1b32f87a6087e2144eedbd027a_12
18c0a40cf42e426b9b413875ff85c53f,9,Five wrestlers sustained legitimate injuries during the course of the show.,34,"['five', 'wrestler', 'sustain', 'legitimate', 'injury', 'course', 'show']","['injury', 'five', 'legitimate', 'wrestler', 'show', 'sustain', 'course']","[('Five', 'CARDINAL')]",18c0a40cf42e426b9b413875ff85c53f_9
18c0a40cf42e426b9b413875ff85c53f,1,"It took place on May 23, 2010 at the Joe Louis Arena in Detroit, Michigan.",31,"['take', 'place', 'May', 'Joe', 'Louis', 'Arena', 'Detroit', 'Michigan']","['May', 'Detroit', 'Michigan', 'place', 'Arena', 'Joe', 'Louis', 'take']","[('May 23, 2010', 'DATE'), ('the Joe Louis Arena', 'FAC'), ('Detroit', 'GPE'), ('Michigan', 'GPE')]",18c0a40cf42e426b9b413875ff85c53f_1
f5c2cdbb1be243b4404747e1f776d754,4,"By the time it ended, California had gone from a thinly populated ex-Mexican territory, to having one of its first two U.S.",61,"['time', 'end', 'California', 'go', 'thinly', 'populate', 'exmexican', 'territory', 'one', 'first', 'two', 'US']","['populate', 'time', 'two', 'California', 'thinly', 'one', 'first', 'US', 'exmexican', 'go', 'end', 'territory']","[('California', 'GPE'), ('ex-Mexican', 'NORP'), ('two', 'CARDINAL'), ('U.S.', 'GPE')]",f5c2cdbb1be243b4404747e1f776d754_4
f5c2cdbb1be243b4404747e1f776d754,13,"Roads, churches, schools and other towns were built throughout California.",44,"['road', 'church', 'school', 'town', 'build', 'throughout', 'California']","['California', 'throughout', 'church', 'road', 'build', 'town', 'school']","[('California', 'GPE')]",f5c2cdbb1be243b4404747e1f776d754_13
f5c2cdbb1be243b4404747e1f776d754,16,"In September 1850, California became a state.",126,"['September', 'California', 'become', 'state']","['become', 'September', 'state', 'California']","[('September 1850', 'DATE'), ('California', 'GPE')]",f5c2cdbb1be243b4404747e1f776d754_16
f5c2cdbb1be243b4404747e1f776d754,21,"By 1869, railroads were built from California to the eastern United States.",44,"['railroad', 'build', 'California', 'eastern', 'United', 'States']","['States', 'United', 'railroad', 'California', 'eastern', 'build']","[('1869', 'DATE'), ('California', 'GPE'), ('United States', 'GPE')]",f5c2cdbb1be243b4404747e1f776d754_21
f5c2cdbb1be243b4404747e1f776d754,8,"Outside of California, the first to arrive were from Oregon, the Sandwich Islands (Hawaii), and Latin America in late 1848.",6,"['outside', 'California', 'first', 'arrive', 'Oregon', 'Sandwich', 'Islands', 'Hawaii', 'Latin', 'America', 'late']","['Sandwich', 'arrive', 'Oregon', 'Hawaii', 'California', 'Latin', 'first', 'America', 'late', 'outside', 'Islands']","[('California', 'GPE'), ('first', 'ORDINAL'), ('Oregon', 'GPE'), ('the Sandwich Islands', 'GPE'), ('Hawaii', 'GPE'), ('Latin America', 'LOC'), ('late 1848', 'DATE')]",f5c2cdbb1be243b4404747e1f776d754_8
f5c2cdbb1be243b4404747e1f776d754,12,"San Francisco grew from a small settlement of about 200 residents in 1846 to a boomtown of about 36,000 by 1852.",63,"['San', 'Francisco', 'grow', 'small', 'settlement', 'resident', 'boomtown']","['small', 'settlement', 'resident', 'Francisco', 'San', 'boomtown', 'grow']","[('San Francisco', 'GPE'), ('about 200', 'CARDINAL'), ('1846', 'DATE'), ('about 36,000', 'CARDINAL'), ('1852', 'DATE')]",f5c2cdbb1be243b4404747e1f776d754_12
f5c2cdbb1be243b4404747e1f776d754,11,Agriculture and ranching expanded throughout the state to meet the needs of the settlers.,63,"['agriculture', 'ranching', 'expand', 'throughout', 'state', 'meet', 'need', 'settler']","['agriculture', 'meet', 'settler', 'need', 'ranching', 'throughout', 'state', 'expand']",[],f5c2cdbb1be243b4404747e1f776d754_11
f5c2cdbb1be243b4404747e1f776d754,14,In 1849 a state constitution was written.,36,"['state', 'constitution', 'write']","['constitution', 'write', 'state']","[('1849', 'DATE')]",f5c2cdbb1be243b4404747e1f776d754_14
f5c2cdbb1be243b4404747e1f776d754,6,The effects of the Gold Rush were substantial.,16,"['effect', 'Gold', 'Rush', 'substantial']","['substantial', 'effect', 'Rush', 'Gold']",[],f5c2cdbb1be243b4404747e1f776d754_6
07ee88ae17abb6e129b892eb5e1c6bd4,5,Disco sparked a backlash from rock music fans.,5,"['Disco', 'spark', 'backlash', 'rock', 'music', 'fan']","['fan', 'rock', 'spark', 'Disco', 'backlash', 'music']","[('Disco', 'ORG')]",07ee88ae17abb6e129b892eb5e1c6bd4_5
07ee88ae17abb6e129b892eb5e1c6bd4,4,"In the late 1970s, dance-oriented disco music was popular in the United States, particularly after being featured in hit films such as ""Saturday Night Fever"" (1977).",10,"['late', '1970', 'danceoriented', 'disco', 'music', 'popular', 'United', 'States', 'paicularly', 'feature', 'hit', 'film', 'Saturday', 'Night', 'Fever']","['Saturday', 'States', 'United', 'hit', 'film', '1970', 'popular', 'paicularly', 'feature', 'disco', 'Night', 'late', 'music', 'Fever', 'danceoriented']","[('the late 1970s', 'DATE'), ('the United States', 'GPE'), ('Saturday Night', 'WORK_OF_ART'), ('1977', 'DATE')]",07ee88ae17abb6e129b892eb5e1c6bd4_4
54995af8da07c1b490d9a5ccd5df9d73,13,One of the F-15Es fired an AIM-9 Sidewinder when the MiG locked him up but missed.,71,"['one', 'F15Es', 'fire', 'AIM9', 'Sidewinder', 'MiG', 'lock', 'miss']","['lock', 'one', 'F15Es', 'fire', 'AIM9', 'Sidewinder', 'MiG', 'miss']","[('One', 'CARDINAL'), ('AIM-9 Sidewinder', 'ORG'), ('MiG', 'ORG')]",54995af8da07c1b490d9a5ccd5df9d73_13
54995af8da07c1b490d9a5ccd5df9d73,23,"As he went down he pulled up to avoid the ground, the Mirage followed him through, but did not pull up in time and crashed.",10,"['go', 'pull', 'avoid', 'ground', 'Mirage', 'follow', 'pull', 'time', 'crash']","['ground', 'time', 'pull', 'avoid', 'go', 'Mirage', 'follow', 'crash']","[('Mirage', 'ORG')]",54995af8da07c1b490d9a5ccd5df9d73_23
54995af8da07c1b490d9a5ccd5df9d73,30,"Another similar incident occurred with the same Iraqi interceptor several minutes later, this F-111 also made it back to base despite the severe damage to the aircraft.",5,"['another', 'similar', 'incident', 'occur', 'iraqi', 'interceptor', 'several', 'minute', 'later', 'F111', 'also', 'make', 'back', 'base', 'despite', 'severe', 'damage', 'aircraft']","['iraqi', 'severe', 'interceptor', 'incident', 'several', 'despite', 'F111', 'base', 'aircraft', 'also', 'another', 'similar', 'damage', 'back', 'minute', 'later', 'occur', 'make']","[('Iraqi', 'NORP'), ('several minutes later', 'TIME')]",54995af8da07c1b490d9a5ccd5df9d73_30
54995af8da07c1b490d9a5ccd5df9d73,32,"An Iraqi MiG-29 struck an F-111 aircraft with an R60 missile, though the sturdy F-111 stayed airworthy.",118,"['iraqi', 'MiG29', 'strike', 'F111', 'aircraft', 'r60', 'missile', 'though', 'sturdy', 'F111', 'stay', 'airwohy']","['iraqi', 'sturdy', 'airwohy', 'aircraft', 'F111', 'MiG29', 'though', 'missile', 'stay', 'r60', 'strike']","[('Iraqi', 'NORP'), ('R60', 'ORG')]",54995af8da07c1b490d9a5ccd5df9d73_32
54995af8da07c1b490d9a5ccd5df9d73,38,"The two MiGs and F-15s flew straight at each other, each attempting to visually identify the other.",10,"['two', 'MiGs', 'F15s', 'fly', 'straight', 'attempt', 'visually', 'identify']","['MiGs', 'two', 'straight', 'fly', 'F15s', 'identify', 'attempt', 'visually']","[('two', 'CARDINAL'), ('MiGs', 'NORP')]",54995af8da07c1b490d9a5ccd5df9d73_38
54995af8da07c1b490d9a5ccd5df9d73,53,"Fearing that Rodriguez would obtain infra-red lock-on and shoot him down with an AIM-9, Sayhood attempted to disengage using a split-s. Rodriguez didn't follow Sayhood's manoeuver, and observed him eject just prior to his MiG impacting the ground - he'd commenced his escape maneuver too low.",58,"['fear', 'Rodriguez', 'would', 'obtain', 'infrared', 'lockon', 'shoot', 'AIM9', 'Sayhood', 'attempt', 'disengage', 'use', 'split', 'Rodriguez', 'do', 'not', 'follow', 'Sayhoods', 'manoeuver', 'observe', 'eject', 'prior', 'MiG', 'impact', 'ground', '-PRON-', 'would', 'commence', 'escape', 'maneuver', 'low']","['impact', 'use', 'Sayhood', 'manoeuver', 'would', '-PRON-', 'ground', 'follow', 'disengage', 'observe', 'eject', 'shoot', 'prior', 'do', 'lockon', 'maneuver', 'obtain', 'fear', 'Sayhoods', 'AIM9', 'low', 'Rodriguez', 'MiG', 'commence', 'infrared', 'escape', 'attempt', 'not', 'split']","[('Rodriguez', 'PERSON'), ('AIM-9', 'GPE'), ('Sayhood', 'ORG'), ('Rodriguez', 'PERSON'), ('Sayhood', 'ORG'), ('MiG', 'ORG')]",54995af8da07c1b490d9a5ccd5df9d73_53
54995af8da07c1b490d9a5ccd5df9d73,4,"Later on the same night, an F-15C scored a double-kill against two Mirages with AIM-7 Sparrow missile.",58,"['later', 'night', 'f15c', 'score', 'doublekill', 'two', 'Mirages', 'AIM7', 'Sparrow', 'missile']","['two', 'f15c', 'Mirages', 'AIM7', 'missile', 'night', 'Sparrow', 'score', 'later', 'doublekill']","[('the same night', 'TIME'), ('two', 'CARDINAL'), ('AIM-7 Sparrow', 'FAC')]",54995af8da07c1b490d9a5ccd5df9d73_4
54995af8da07c1b490d9a5ccd5df9d73,5,"His wingman scored another kill on a third Mirage F1, for a total of three kills in the dogfight.",58,"['wingman', 'score', 'another', 'kill', 'third', 'Mirage', 'F1', 'total', 'three', 'kill', 'dogfight']","['kill', 'dogfight', 'wingman', 'total', 'third', 'three', 'another', 'F1', 'Mirage', 'score']","[('third', 'ORDINAL'), ('Mirage', 'ORG'), ('F1', 'PRODUCT'), ('three', 'CARDINAL')]",54995af8da07c1b490d9a5ccd5df9d73_5
54995af8da07c1b490d9a5ccd5df9d73,6,"On the first night of the war, two F/A-18s from the carrier were flying outside of Baghdad when two Iraqi MiG-25PDs interceptors from the 96th Squadron engaged them.",10,"['first', 'night', 'war', 'two', 'fa18s', 'carrier', 'fly', 'outside', 'Baghdad', 'two', 'Iraqi', 'MiG25PDs', 'interceptor', '96th', 'Squadron', 'engage']","['Baghdad', '96th', 'two', 'interceptor', 'carrier', 'first', 'fly', 'Squadron', 'engage', 'night', 'war', 'MiG25PDs', 'fa18s', 'Iraqi', 'outside']","[('the first night', 'TIME'), ('two', 'CARDINAL'), ('F/A-18s', 'ORG'), ('Baghdad', 'GPE'), ('two', 'CARDINAL'), ('Iraqi', 'NORP'), ('the 96th Squadron', 'ORG')]",54995af8da07c1b490d9a5ccd5df9d73_6
54995af8da07c1b490d9a5ccd5df9d73,8,"The pilot, Lieutenant Commander Scott Speicher, was killed.",20,"['pilot', 'Lieutenant', 'Commander', 'Scott', 'Speicher', 'kill']","['kill', 'Commander', 'Lieutenant', 'pilot', 'Speicher', 'Scott']","[('Scott Speicher', 'PERSON')]",54995af8da07c1b490d9a5ccd5df9d73_8
54995af8da07c1b490d9a5ccd5df9d73,11,On the opening night of the war two Iraqi MiG-29s attempted to engage a flight of USAF F-15Es.,102,"['open', 'night', 'war', 'two', 'iraqi', 'MiG29s', 'attempt', 'engage', 'flight', 'USAF', 'F15Es']","['iraqi', 'two', 'MiG29s', 'flight', 'F15Es', 'engage', 'night', 'war', 'attempt', 'USAF', 'open']","[('the opening night', 'TIME'), ('two', 'CARDINAL'), ('Iraqi', 'NORP'), ('USAF', 'ORG')]",54995af8da07c1b490d9a5ccd5df9d73_11
54995af8da07c1b490d9a5ccd5df9d73,14,Several other F-15Es simultaneously tried to engage the lone MiG-29 but were unable to get the kill.,20,"['several', 'F15Es', 'simultaneously', 'try', 'engage', 'lone', 'MiG29', 'unable', 'get', 'kill']","['kill', 'MiG29', 'F15Es', 'engage', 'unable', 'get', 'try', 'lone', 'several', 'simultaneously']",[],54995af8da07c1b490d9a5ccd5df9d73_14
54995af8da07c1b490d9a5ccd5df9d73,19,Denton executed a tight turn while Brandon launched chaff to avoid missiles fired by the Mirage.,71,"['Denton', 'execute', 'tight', 'turn', 'Brandon', 'launch', 'chaff', 'avoid', 'missile', 'fire', 'Mirage']","['Brandon', 'chaff', 'missile', 'fire', 'launch', 'turn', 'tight', 'avoid', 'Denton', 'Mirage', 'execute']","[('Denton', 'PERSON'), ('Brandon', 'PERSON'), ('Mirage', 'ORG')]",54995af8da07c1b490d9a5ccd5df9d73_19
54995af8da07c1b490d9a5ccd5df9d73,31,This is Iraq's only success of the Arab Gulf War using MiG-23s.,28,"['iraqs', 'success', 'Arab', 'Gulf', 'War', 'use', 'MiG23s']","['use', 'MiG23s', 'success', 'iraqs', 'Gulf', 'War', 'Arab']","[('Iraq', 'GPE'), ('the Arab Gulf War', 'EVENT'), ('MiG-23s', 'PRODUCT')]",54995af8da07c1b490d9a5ccd5df9d73_31
54995af8da07c1b490d9a5ccd5df9d73,35,One was destroyed by Captain Rick Tuleni and the second by Captain Larry Pitts.,12,"['one', 'destroy', 'Captain', 'Rick', 'Tuleni', 'second', 'Captain', 'Larry', 'Pitts']","['Pitts', 'one', 'Larry', 'Tuleni', 'Captain', 'second', 'Rick', 'destroy']","[('One', 'CARDINAL'), ('Rick Tuleni', 'PERSON'), ('second', 'ORDINAL'), ('Larry Pitts', 'PERSON')]",54995af8da07c1b490d9a5ccd5df9d73_35
54995af8da07c1b490d9a5ccd5df9d73,46,Underhill initially thought he shot down an allied aircraft.,71,"['Underhill', 'initially', 'think', 'shoot', 'allied', 'aircraft']","['initially', 'aircraft', 'think', 'allied', 'shoot', 'Underhill']","[('Underhill', 'ORG')]",54995af8da07c1b490d9a5ccd5df9d73_46
54995af8da07c1b490d9a5ccd5df9d73,0,"In the Gulf War of 1990–1991, when the Coalition intervened, they faced the world's fourth largest air force to combat.",105,"['Gulf', 'War', '1990–1991', 'Coalition', 'intervene', 'face', 'world', 'fouh', 'large', 'air', 'force', 'combat']","['large', 'Coalition', 'fouh', 'combat', 'air', 'face', '1990–1991', 'force', 'world', 'Gulf', 'intervene', 'War']","[('the Gulf War of 1990–1991', 'EVENT'), ('Coalition', 'ORG'), ('fourth', 'ORDINAL')]",54995af8da07c1b490d9a5ccd5df9d73_0
54995af8da07c1b490d9a5ccd5df9d73,52,"Both aircraft lost altitude through the sustained hard turning, bringing them perilously close to the ground.",126,"['aircraft', 'lose', 'altitude', 'sustain', 'hard', 'turn', 'bring', 'perilously', 'close', 'ground']","['aircraft', 'altitude', 'hard', 'close', 'lose', 'turn', 'bring', 'perilously', 'sustain', 'ground']",[],54995af8da07c1b490d9a5ccd5df9d73_52
54995af8da07c1b490d9a5ccd5df9d73,56,Two F-15Cs destroyed two Mirage F1s with AIM-7 missiles.,12,"['two', 'F15Cs', 'destroy', 'two', 'Mirage', 'F1s', 'AIM7', 'missile']","['two', 'F15Cs', 'AIM7', 'F1s', 'missile', 'Mirage', 'destroy']","[('Two', 'CARDINAL'), ('two', 'CARDINAL'), ('Mirage', 'ORG')]",54995af8da07c1b490d9a5ccd5df9d73_56
0b6f831feed9b82c0360d3cb55102216,9,Cho had previously been diagnosed with a severe anxiety disorder.,18,"['Cho', 'previously', 'diagnose', 'severe', 'anxiety', 'disorder']","['diagnose', 'anxiety', 'severe', 'Cho', 'disorder', 'previously']","[('Cho', 'ORG')]",0b6f831feed9b82c0360d3cb55102216_9
0b6f831feed9b82c0360d3cb55102216,4,It is the deadliest school shooting in the history of the United States.,71,"['deadly', 'school', 'shoot', 'history', 'United', 'States']","['States', 'United', 'history', 'shoot', 'deadly', 'school']","[('the United States', 'GPE')]",0b6f831feed9b82c0360d3cb55102216_4
0b6f831feed9b82c0360d3cb55102216,18,The Virginia Tech Review Panel is a state-appointed body that was assigned to review the incident.,25,"['Virginia', 'Tech', 'Review', 'Panel', 'stateappointe', 'body', 'assign', 'review', 'incident']","['stateappointe', 'Virginia', 'incident', 'Tech', 'review', 'Panel', 'assign', 'body', 'Review']","[('The Virginia Tech Review Panel', 'ORG')]",0b6f831feed9b82c0360d3cb55102216_18
0b6f831feed9b82c0360d3cb55102216,12,"Because of federal privacy laws, Virginia Tech was unaware of Cho's previous diagnosis or the accommodations he had been granted at school.",68,"['federal', 'privacy', 'law', 'Virginia', 'Tech', 'unaware', 'Chos', 'previous', 'diagnosis', 'accommodation', 'grant', 'school']","['federal', 'previous', 'Virginia', 'privacy', 'Tech', 'accommodation', 'diagnosis', 'Chos', 'grant', 'unaware', 'law', 'school']","[('Virginia Tech', 'ORG'), ('Cho', 'PERSON')]",0b6f831feed9b82c0360d3cb55102216_12
1cbb495cbfcee19086c959fcdc35b69c,0,"A radiation accident occurred in Samut Prakan Province, Thailand in January–February 2000.",29,"['radiation', 'accident', 'occur', 'Samut', 'Prakan', 'Province', 'Thailand', 'January', '–', 'February']","['radiation', 'January', 'February', 'Samut', 'Thailand', 'Prakan', 'Province', '–', 'occur', 'accident']","[('Samut Prakan Province', 'GPE'), ('Thailand', 'GPE'), ('January–February 2000', 'DATE')]",1cbb495cbfcee19086c959fcdc35b69c_0
9f4f1c4d2a5312c3f230a5d9fed4d151,4,A further 110 persons were hospitalized.,149,"['person', 'hospitalize']","['hospitalize', 'person']","[('110', 'CARDINAL')]",9f4f1c4d2a5312c3f230a5d9fed4d151_4
9f4f1c4d2a5312c3f230a5d9fed4d151,0,Spantax Flight 995 was a charter flight from Madrid-Barajas Airport to New York via Málaga Airport.,46,"['Spantax', 'Flight', 'chaer', 'flight', 'MadridBarajas', 'Airpo', 'New', 'York', 'Málaga', 'Airpo']","['MadridBarajas', 'Málaga', 'Flight', 'flight', 'chaer', 'Spantax', 'New', 'Airpo', 'York']","[('Spantax Flight 995', 'PERSON'), ('Madrid', 'GPE'), ('Barajas Airport', 'FAC'), ('New York', 'GPE'), ('Málaga Airport', 'FAC')]",9f4f1c4d2a5312c3f230a5d9fed4d151_0
9f4f1c4d2a5312c3f230a5d9fed4d151,11,Chicago DJ Steve Dahl played Maloney's tape on his 26 March 2010 podcast.,46,"['Chicago', 'DJ', 'Steve', 'Dahl', 'play', 'Maloneys', 'tape', 'March', 'podcast']","['Dahl', 'podcast', 'play', 'tape', 'Chicago', 'March', 'Maloneys', 'DJ', 'Steve']","[('Chicago', 'GPE'), ('Steve Dahl', 'PERSON'), ('Maloney', 'PERSON'), ('his 26 March 2010', 'DATE')]",9f4f1c4d2a5312c3f230a5d9fed4d151_11
e1e5e4b45db8110f6433166a5fea4d03,10,"This was immediately followed by an open-air reactor core fire that released considerable airborne radioactive contamination for about nine days that precipitated onto parts of the USSR and western Europe, before being finally contained on 4 May 1986.",80,"['immediately', 'follow', 'openair', 'reactor', 'core', 'fire', 'release', 'considerable', 'airborne', 'radioactive', 'contamination', 'nine', 'day', 'precipitate', 'onto', 'pas', 'USSR', 'western', 'Europe', 'finally', 'contain', 'May']","['contamination', 'precipitate', 'nine', 'follow', 'contain', 'pas', 'core', 'Europe', 'fire', 'reactor', 'western', 'considerable', 'day', 'immediately', 'openair', 'airborne', 'radioactive', 'onto', 'May', 'USSR', 'finally', 'release']","[('about nine days', 'DATE'), ('USSR', 'GPE'), ('Europe', 'LOC'), ('4 May 1986', 'DATE')]",e1e5e4b45db8110f6433166a5fea4d03_10
e1e5e4b45db8110f6433166a5fea4d03,11,The fire gradually released about the same amount of contamination as the initial explosion.,23,"['fire', 'gradually', 'release', 'amount', 'contamination', 'initial', 'explosion']","['gradually', 'explosion', 'contamination', 'fire', 'initial', 'amount', 'release']",[],e1e5e4b45db8110f6433166a5fea4d03_11
e1e5e4b45db8110f6433166a5fea4d03,16,4 required a protective enclosure.,9,"['require', 'protective', 'enclosure']","['require', 'enclosure', 'protective']","[('4', 'CARDINAL')]",e1e5e4b45db8110f6433166a5fea4d03_16
e1e5e4b45db8110f6433166a5fea4d03,19,"Due to the continued deterioration of the sarcophagus, both it and the No.",5,"['due', 'continue', 'deterioration', 'sarcophagus']","['continue', 'deterioration', 'due', 'sarcophagus']",[],e1e5e4b45db8110f6433166a5fea4d03_19
e1e5e4b45db8110f6433166a5fea4d03,21,Nuclear clean-up is scheduled for completion in 2065.,36,"['nuclear', 'cleanup', 'schedule', 'completion']","['completion', 'nuclear', 'schedule', 'cleanup']","[('2065', 'DATE')]",e1e5e4b45db8110f6433166a5fea4d03_21
e1e5e4b45db8110f6433166a5fea4d03,28,"Model predictions with the greatest confidence values of the eventual total death toll in the decades ahead from Chernobyl releases vary, from 4,000 fatalities when solely assessing the three most contaminated former Soviet states, to about 9,000 to 16,000 fatalities when assessing the total continent of Europe.",13,"['model', 'prediction', 'great', 'confidence', 'value', 'eventual', 'total', 'death', 'toll', 'decade', 'ahead', 'Chernobyl', 'release', 'vary', 'fatality', 'solely', 'assess', 'three', 'contaminate', 'former', 'soviet', 'state', 'fatality', 'assess', 'total', 'continent', 'Europe']","['prediction', 'death', 'three', 'confidence', 'ahead', 'Europe', 'great', 'value', 'state', 'vary', 'fatality', 'assess', 'former', 'toll', 'continent', 'eventual', 'Chernobyl', 'solely', 'contaminate', 'total', 'soviet', 'decade', 'model', 'release']","[('the decades ahead', 'DATE'), ('Chernobyl', 'GPE'), ('4,000', 'CARDINAL'), ('three', 'CARDINAL'), ('Soviet', 'NORP'), ('about 9,000 to 16,000', 'CARDINAL'), ('Europe', 'LOC')]",e1e5e4b45db8110f6433166a5fea4d03_28
e1e5e4b45db8110f6433166a5fea4d03,13,"About 49,000 people were evacuated from the area, primarily from Pripyat.",57,"['people', 'evacuate', 'area', 'primarily', 'Pripyat']","['people', 'primarily', 'evacuate', 'area', 'Pripyat']","[('About 49,000', 'CARDINAL')]",e1e5e4b45db8110f6433166a5fea4d03_13
e1e5e4b45db8110f6433166a5fea4d03,20,"4 reactor were further enclosed in 2017 by the Chernobyl New Safe Confinement, a larger enclosure that allows the removal of both the sarcophagus and the reactor debris, while containing the radioactive hazard.",9,"['reactor', 'enclose', 'Chernobyl', 'New', 'Safe', 'confinement', 'large', 'enclosure', 'allow', 'removal', 'sarcophagus', 'reactor', 'debris', 'contain', 'radioactive', 'hazard']","['removal', 'large', 'Safe', 'New', 'debris', 'allow', 'confinement', 'sarcophagus', 'reactor', 'radioactive', 'contain', 'Chernobyl', 'enclosure', 'enclose', 'hazard']","[('4', 'CARDINAL'), ('2017', 'DATE'), ('the Chernobyl New Safe Confinement', 'EVENT')]",e1e5e4b45db8110f6433166a5fea4d03_20
c826e171049a3a945d24eec966dac6a9,3,"One of the fatalities was noted international adventurer and filmmaker Martin Johnson, of Martin and Osa Johnson fame.",1,"['one', 'fatality', 'note', 'international', 'adventurer', 'filmmaker', 'Main', 'Johnson', 'Main', 'Osa', 'Johnson', 'fame']","['Main', 'one', 'fatality', 'international', 'Johnson', 'note', 'fame', 'filmmaker', 'adventurer', 'Osa']","[('One', 'CARDINAL'), ('Martin Johnson', 'PERSON'), ('Martin', 'PERSON'), ('Osa Johnson', 'PERSON')]",c826e171049a3a945d24eec966dac6a9_3
c826e171049a3a945d24eec966dac6a9,2,"Of the three crew and ten passengers on board, one crew member and four passengers perished.",13,"['three', 'crew', 'ten', 'passenger', 'board', 'one', 'crew', 'member', 'four', 'passenger', 'perish']","['perish', 'passenger', 'one', 'ten', 'crew', 'member', 'board', 'three', 'four']","[('three', 'CARDINAL'), ('ten', 'CARDINAL'), ('one', 'CARDINAL'), ('four', 'CARDINAL')]",c826e171049a3a945d24eec966dac6a9_2
c826e171049a3a945d24eec966dac6a9,15,"The accident was investigated by the Accident Board of the Bureau of Air Commerce, under the authority of the Department of Commerce.",108,"['accident', 'investigate', 'Accident', 'Board', 'Bureau', 'Air', 'Commerce', 'authority', 'Depament', 'Commerce']","['investigate', 'Commerce', 'Board', 'Depament', 'authority', 'Air', 'Accident', 'Bureau', 'accident']","[('the Accident Board of the Bureau of Air Commerce', 'ORG'), ('the Department of Commerce', 'ORG')]",c826e171049a3a945d24eec966dac6a9_15
c826e171049a3a945d24eec966dac6a9,1,"The twin engine Boeing 247D, registration NC13315, crashed shortly after 11:00 a.m. in adverse weather conditions.",3,"['twin', 'engine', 'Boeing', '247D', 'registration', 'NC13315', 'crash', 'sholy', 'adverse', 'weather', 'condition']","['247D', 'twin', 'adverse', 'NC13315', 'condition', 'weather', 'engine', 'sholy', 'registration', 'crash', 'Boeing']","[('Boeing 247D', 'ORG'), ('NC13315', 'PRODUCT'), ('11:00 a.m.', 'TIME')]",c826e171049a3a945d24eec966dac6a9_1
c826e171049a3a945d24eec966dac6a9,6,The airliner first struck the ground with the left wing tip.,23,"['airliner', 'first', 'strike', 'ground', 'left', 'wing', 'tip']","['first', 'tip', 'airliner', 'ground', 'strike', 'wing', 'left']","[('first', 'ORDINAL')]",c826e171049a3a945d24eec966dac6a9_6
c826e171049a3a945d24eec966dac6a9,12,"She later sued Western Air Express and United Airports Co of California for $502,539 but lost on appeal in 1941.",24,"['later', 'sue', 'Western', 'Air', 'Express', 'United', 'Airpos', 'Co', 'California', 'lose', 'appeal']","['Airpos', 'United', 'Co', 'sue', 'California', 'lose', 'Air', 'Western', 'appeal', 'later', 'Express']","[('Western Air Express', 'ORG'), ('United Airports Co', 'ORG'), ('California', 'GPE'), ('502,539', 'MONEY'), ('1941', 'DATE')]",c826e171049a3a945d24eec966dac6a9_12
51962f39236252b489e81fe21c82ccf3,15,"Reaction to the event prompted a statement from Ohio Governor, John Kasich.",5,"['reaction', 'event', 'prompt', 'statement', 'Ohio', 'Governor', 'John', 'Kasich']","['Kasich', 'statement', 'reaction', 'event', 'John', 'Governor', 'prompt', 'Ohio']","[('Ohio', 'GPE'), ('John Kasich', 'PERSON')]",51962f39236252b489e81fe21c82ccf3_15
51962f39236252b489e81fe21c82ccf3,18,President Barack Obama gave his condolences to the school principal in a telephone call following the incident.,68,"['President', 'Barack', 'Obama', 'give', 'condolence', 'school', 'principal', 'telephone', 'call', 'follow', 'incident']","['President', 'Obama', 'call', 'incident', 'condolence', 'give', 'telephone', 'Barack', 'follow', 'principal', 'school']","[('Barack Obama', 'PERSON')]",51962f39236252b489e81fe21c82ccf3_18
51962f39236252b489e81fe21c82ccf3,20,"In May 2012, a judge determined that Lane was competent to stand trial.",55,"['May', 'judge', 'determine', 'Lane', 'competent', 'stand', 'trial']","['May', 'Lane', 'competent', 'trial', 'stand', 'determine', 'judge']","[('May 2012', 'DATE'), ('Lane', 'ORG')]",51962f39236252b489e81fe21c82ccf3_20
51962f39236252b489e81fe21c82ccf3,23,"On September 11, 2014, Lane, along with two other inmates, escaped from Allen Correctional Institution in Lima, Ohio.",97,"['September', 'Lane', 'along', 'two', 'inmate', 'escape', 'Allen', 'Correctional', 'Institution', 'Lima', 'Ohio']","['two', 'Lane', 'Allen', 'along', 'Lima', 'Correctional', 'escape', 'Institution', 'September', 'Ohio', 'inmate']","[('September 11, 2014', 'DATE'), ('Lane', 'ORG'), ('two', 'CARDINAL'), ('Allen Correctional Institution', 'ORG'), ('Lima', 'GPE'), ('Ohio', 'GPE')]",51962f39236252b489e81fe21c82ccf3_23
51962f39236252b489e81fe21c82ccf3,13,"Lane was ultimately indicted on three counts of aggravated murder, two counts of aggravated attempted murder, and one count of felonious assault.",108,"['Lane', 'ultimately', 'indict', 'three', 'count', 'aggravated', 'murder', 'two', 'count', 'aggravate', 'attempt', 'murder', 'one', 'count', 'felonious', 'assault']","['murder', 'Lane', 'two', 'one', 'assault', 'ultimately', 'aggravated', 'three', 'felonious', 'count', 'attempt', 'indict', 'aggravate']","[('Lane', 'ORG'), ('three', 'CARDINAL'), ('two', 'CARDINAL'), ('one', 'CARDINAL')]",51962f39236252b489e81fe21c82ccf3_13
51962f39236252b489e81fe21c82ccf3,24,He was recaptured the following day.,21,"['recapture', 'follow', 'day']","['follow', 'recapture', 'day']","[('the following day', 'DATE')]",51962f39236252b489e81fe21c82ccf3_24
d2b256945da96b92915adec7b523f11a,25,"In 1816, several officers of the Imperial Russian Guard founded a society known as the Union of Salvation, or of the Faithful and True Sons of the Fatherland.",60,"['several', 'officer', 'Imperial', 'Russian', 'Guard', 'found', 'society', 'know', 'Union', 'Salvation', 'Faithful', 'True', 'Sons', 'Fatherland']","['Sons', 'Imperial', 'society', 'Union', 'Faithful', 'Fatherland', 'Salvation', 'found', 'Russian', 'True', 'know', 'several', 'Guard', 'officer']","[('1816', 'DATE'), ('Imperial Russian Guard', 'ORG'), ('the Union of Salvation', 'ORG')]",d2b256945da96b92915adec7b523f11a_25
d2b256945da96b92915adec7b523f11a,10,Speransky's role increased greatly in 1808.,37,"['Speranskys', 'role', 'increase', 'greatly']","['Speranskys', 'greatly', 'role', 'increase']","[('Speransky', 'PERSON'), ('1808', 'DATE')]",d2b256945da96b92915adec7b523f11a_10
d2b256945da96b92915adec7b523f11a,22,Any slaves and serfs from all countries were to become free in Russia immediately.,126,"['slave', 'serf', 'country', 'become', 'free', 'Russia', 'immediately']","['serf', 'Russia', 'immediately', 'slave', 'free', 'country', 'become']","[('Russia', 'GPE')]",d2b256945da96b92915adec7b523f11a_22
d2b256945da96b92915adec7b523f11a,32,(The small Ordain of Russian knights for exception of its active member Alexander von Benckendorff also joined the Union of Prosperity together with the members of the Union of Salvation.),49,"['small', 'ordain', 'russian', 'knight', 'exception', 'active', 'member', 'Alexander', 'von', 'Benckendorff', 'also', 'join', 'Union', 'Prosperity', 'together', 'member', 'Union', 'Salvation']","['small', 'Prosperity', 'russian', 'Union', 'ordain', 'active', 'von', 'join', 'member', 'also', 'knight', 'Salvation', 'exception', 'Alexander', 'Benckendorff', 'together']","[('Russian', 'NORP'), ('Alexander von Benckendorff', 'PERSON'), ('the Union of Prosperity', 'ORG'), ('the Union of Salvation', 'ORG')]",d2b256945da96b92915adec7b523f11a_32
d2b256945da96b92915adec7b523f11a,14,The abolition of serfdom in Baltic provinces was in 1816–1819.,95,"['abolition', 'serfdom', 'baltic', 'province', '1816–1819']","['serfdom', '1816–1819', 'abolition', 'baltic', 'province']","[('Baltic', 'NORP')]",d2b256945da96b92915adec7b523f11a_14
d2b256945da96b92915adec7b523f11a,19,The most correct name for Decembrists could be Russian Americanophiles.,69,"['correct', 'name', 'Decembrists', 'could', 'Russian', 'Americanophiles']","['Decembrists', 'correct', 'name', 'Russian', 'Americanophiles', 'could']","[('Decembrists', 'ORG'), ('Russian Americanophiles', 'NORP')]",d2b256945da96b92915adec7b523f11a_19
d2b256945da96b92915adec7b523f11a,34,"Two groups, however, continued to function secretly: a Southern Society, based at Tulchin, a small garrison town in Ukraine, in which Pestel was the outstanding figure, and a Northern Society, based at St Petersburg, led by Guard officers Nikita Muraviev, Prince S. P. Trubetskoy and Prince Eugene Obolensky.",90,"['two', 'group', 'however', 'continue', 'function', 'secretly', 'Southern', 'Society', 'base', 'Tulchin', 'small', 'garrison', 'town', 'Ukraine', 'Pestel', 'outstanding', 'figure', 'Nohern', 'Society', 'base', 'St', 'Petersburg', 'lead', 'Guard', 'officer', 'Nikita', 'Muraviev', 'Prince', 'Trubetskoy', 'Prince', 'Eugene', 'Obolensky']","['Nikita', 'group', 'outstanding', 'Prince', 'Southern', 'figure', 'Nohern', 'Eugene', 'however', 'Guard', 'lead', 'officer', 'small', 'Obolensky', 'Pestel', 'garrison', 'Tulchin', 'function', 'two', 'base', 'Society', 'Ukraine', 'Muraviev', 'Petersburg', 'continue', 'town', 'Trubetskoy', 'St', 'secretly']","[('Two', 'CARDINAL'), ('a Southern Society', 'ORG'), ('Tulchin', 'ORG'), ('Ukraine', 'GPE'), ('Pestel', 'ORG'), ('a Northern Society', 'ORG'), ('St Petersburg', 'GPE'), ('Nikita Muraviev', 'PERSON'), ('Prince Eugene Obolensky', 'PERSON')]",d2b256945da96b92915adec7b523f11a_34
d2b256945da96b92915adec7b523f11a,38,"Its never written program was similar to that of the Southern Society but the main emphasis was on the equal federation of Russia (including Ukraine), Poland, Moldova (including Bessarabia) with the attachment of Valahia, Transilvania, Hungary (including Slovakia, Slovenia, Voevodina, Kraina), Croatia, Serbia, Dalmatia, Cheske, Moravia i.e., all Slavic countries with the exception of Bulgaria and Macedonia in the future.",82,"['never', 'write', 'program', 'similar', 'Southern', 'Society', 'main', 'emphasis', 'equal', 'federation', 'Russia', 'include', 'Ukraine', 'Poland', 'Moldova', 'include', 'Bessarabia', 'attachment', 'Valahia', 'Transilvania', 'Hungary', 'include', 'Slovakia', 'Slovenia', 'Voevodina', 'Kraina', 'Croatia', 'Serbia', 'Dalmatia', 'Cheske', 'Mora', 'ie', 'slavic', 'country', 'exception', 'Bulgaria', 'Macedonia', 'future']","['Bessarabia', 'Transilvania', 'Voevodina', 'Mora', 'attachment', 'Hungary', 'similar', 'Southern', 'Serbia', 'Russia', 'Poland', 'Croatia', 'Cheske', 'write', 'never', 'Kraina', 'include', 'emphasis', 'equal', 'program', 'Bulgaria', 'exception', 'Moldova', 'country', 'Macedonia', 'Dalmatia', 'Slovenia', 'Society', 'Ukraine', 'federation', 'ie', 'Valahia', 'future', 'Slovakia', 'slavic', 'main']","[('the Southern Society', 'ORG'), ('Russia', 'GPE'), ('Ukraine', 'GPE'), ('Poland', 'GPE'), ('Moldova', 'GPE'), ('Bessarabia', 'ORG'), ('Valahia', 'GPE'), ('Transilvania', 'GPE'), ('Hungary', 'GPE'), ('Slovakia', 'GPE'), ('Slovenia', 'GPE'), ('Voevodina', 'GPE'), ('Kraina', 'GPE'), ('Croatia', 'GPE'), ('Serbia', 'GPE'), ('Dalmatia', 'GPE'), ('Cheske', 'PERSON'), ('Moravia', 'GPE'), ('Slavic', 'NORP'), ('Bulgaria', 'GPE'), ('Macedonia', 'GPE')]",d2b256945da96b92915adec7b523f11a_38
d2b256945da96b92915adec7b523f11a,8,The major advocate for reform in Alexander's regime was Count Mikhail Mikhailovich Speransky.,134,"['major', 'advocate', 'reform', 'alexander', 'regime', 'Count', 'Mikhail', 'Mikhailovich', 'Speransky']","['advocate', 'Count', 'Mikhailovich', 'regime', 'Mikhail', 'reform', 'Speransky', 'major', 'alexander']","[('Alexander', 'PERSON'), ('Count Mikhail Mikhailovich Speransky', 'PERSON')]",d2b256945da96b92915adec7b523f11a_8
d2b256945da96b92915adec7b523f11a,37,The Society of United Slavs (also known as the Slavic Union) was established in Novograd-Volynsky in the Ukraine in 1823.,60,"['society', 'United', 'Slavs', 'also', 'know', 'Slavic', 'Union', 'establish', 'NovogradVolynsky', 'Ukraine']","['establish', 'United', 'society', 'Union', 'also', 'Ukraine', 'NovogradVolynsky', 'know', 'Slavs', 'Slavic']","[('The Society of United Slavs', 'ORG'), ('the Slavic Union', 'ORG'), ('Novograd-Volynsky', 'ORG'), ('Ukraine', 'GPE'), ('1823', 'DATE')]",d2b256945da96b92915adec7b523f11a_37
10bea765ff2b3371ab98b78e59791530,2,Both people aboard the aircraft were killed in the accident: New York Yankees pitcher Cory Lidle and his certified flight instructor Tyler Stanger.,20,"['people', 'aboard', 'aircraft', 'kill', 'accident', 'New', 'York', 'Yankees', 'pitcher', 'Cory', 'Lidle', 'ceifie', 'flight', 'instructor', 'Tyler', 'Stanger']","['Stanger', 'people', 'Yankees', 'kill', 'aircraft', 'pitcher', 'flight', 'ceifie', 'Tyler', 'aboard', 'New', 'Cory', 'York', 'instructor', 'Lidle', 'accident']","[('New York', 'GPE'), ('Yankees', 'ORG'), ('Cory Lidle', 'PERSON'), ('Tyler Stanger', 'PERSON')]",10bea765ff2b3371ab98b78e59791530_2
10bea765ff2b3371ab98b78e59791530,3,"Twenty-one people were injured, including eleven firefighters.",34,"['twentyone', 'people', 'injure', 'include', 'eleven', 'firefighter']","['people', 'twentyone', 'eleven', 'injure', 'include', 'firefighter']","[('Twenty-one', 'CARDINAL'), ('eleven', 'QUANTITY')]",10bea765ff2b3371ab98b78e59791530_3
1f3a822f4e859dfce62cd51e037d36df,3,"Although the resistance was largely defeated by German forces, guerrilla operations continued until the Soviet Army, Czechoslovak Army and Romanian Army liberated Fascist Slovakia in 1945.",21,"['although', 'resistance', 'largely', 'defeat', 'german', 'force', 'guerrilla', 'operation', 'continue', 'Soviet', 'Army', 'Czechoslovak', 'Army', 'Romanian', 'Army', 'liberate', 'Fascist', 'Slovakia']","['defeat', 'although', 'Czechoslovak', 'guerrilla', 'resistance', 'operation', 'largely', 'Soviet', 'force', 'Fascist', 'Army', 'Slovakia', 'Romanian', 'continue', 'german', 'liberate']","[('German', 'NORP'), ('the Soviet Army', 'ORG'), ('Czechoslovak Army', 'ORG'), ('Romanian Army', 'ORG'), ('Fascist Slovakia', 'GPE'), ('1945', 'DATE')]",1f3a822f4e859dfce62cd51e037d36df_3
1f3a822f4e859dfce62cd51e037d36df,9,"Yet the participants and supporters of the Uprising represented every religion, class, age, and anti-Nazi political faction of the Slovak nation.",54,"['yet', 'paicipant', 'suppoer', 'uprising', 'represent', 'every', 'religion', 'class', 'age', 'antinazi', 'political', 'faction', 'slovak', 'nation']","['yet', 'political', 'uprising', 'religion', 'slovak', 'faction', 'age', 'suppoer', 'every', 'paicipant', 'class', 'antinazi', 'nation', 'represent']","[('anti-Nazi', 'NORP'), ('Slovak', 'NORP')]",1f3a822f4e859dfce62cd51e037d36df_9
1f3a822f4e859dfce62cd51e037d36df,8,"Given this factionalization, the Uprising did not have unambiguous popular support.",42,"['give', 'factionalization', 'Uprising', 'unambiguous', 'popular', 'suppo']","['factionalization', 'unambiguous', 'give', 'popular', 'suppo', 'Uprising']",[],1f3a822f4e859dfce62cd51e037d36df_8
6fffcdc405561e3c77740bd073386a95,2,"The Comoros archipelago in the Indian Ocean has had a fractious history since independence from France in 1975, experiencing more than 20 coups or attempted coups.",96,"['Comoros', 'archipelago', 'Indian', 'Ocean', 'fractious', 'history', 'since', 'independence', 'France', 'experience', 'coup', 'attempt', 'coup']","['fractious', 'archipelago', 'experience', 'independence', 'Comoros', 'history', 'since', 'coup', 'Indian', 'Ocean', 'France', 'attempt']","[('Comoros', 'GPE'), ('the Indian Ocean', 'LOC'), ('France', 'GPE'), ('1975', 'DATE'), ('more than 20', 'CARDINAL')]",6fffcdc405561e3c77740bd073386a95_2
e5ccadc5741e2a6f95ebd53e03699781,13,The bombing has been dramatised in literature and film.,23,"['bombing', 'dramatise', 'literature', 'film']","['dramatise', 'bombing', 'film', 'literature']",[],e5ccadc5741e2a6f95ebd53e03699781_13
5a489a70e8e85b0c6ec4eeb1a026e1f2,1,"The Yemenia Yemen Airways Boeing 727-2N8 departed Sana'a International Airport bound for a stopover at Taiz-Al Janad Airport, Ta'izz.",94,"['Yemenia', 'Yemen', 'Airways', 'Boeing', '7272n8', 'depae', 'Sanaa', 'International', 'Airpo', 'bind', 'stopover', 'TaizAl', 'Janad', 'Airpo', 'Taizz']","['Sanaa', 'Yemen', 'depae', '7272n8', 'Janad', 'bind', 'Airpo', 'International', 'stopover', 'Yemenia', 'Taizz', 'TaizAl', 'Airways', 'Boeing']","[('The Yemenia Yemen Airways Boeing', 'ORG'), ('727-2N8', 'PRODUCT'), (""Sana'a International Airport"", 'FAC'), ('Taiz-Al Janad Airport', 'FAC')]",5a489a70e8e85b0c6ec4eeb1a026e1f2_1
5a489a70e8e85b0c6ec4eeb1a026e1f2,5,The flight crew convinced the hijacker to first divert to Djibouti to refuel.,115,"['flight', 'crew', 'convince', 'hijacker', 'first', 'dive', 'Djibouti', 'refuel']","['Djibouti', 'refuel', 'flight', 'convince', 'first', 'crew', 'hijacker', 'dive']","[('Djibouti', 'GPE')]",5a489a70e8e85b0c6ec4eeb1a026e1f2_5
5a489a70e8e85b0c6ec4eeb1a026e1f2,2,"The passengers included the United States Ambassador to Yemen Barbara Bodine, US Deputy Chief of Mission to Yemen, and the Yemeni Ambassador to the US.",30,"['passenger', 'include', 'United', 'States', 'Ambassador', 'Yemen', 'Barbara', 'Bodine', 'US', 'Deputy', 'Chief', 'Mission', 'Yemen', 'yemeni', 'Ambassador', 'US']","['States', 'passenger', 'United', 'Barbara', 'Bodine', 'Mission', 'Chief', 'Yemen', 'Deputy', 'US', 'yemeni', 'Ambassador', 'include']","[('United States', 'GPE'), ('Yemen', 'GPE'), ('Barbara Bodine', 'PERSON'), ('US', 'GPE'), ('Yemen', 'GPE'), ('Yemeni', 'NORP'), ('US', 'GPE')]",5a489a70e8e85b0c6ec4eeb1a026e1f2_2
5a489a70e8e85b0c6ec4eeb1a026e1f2,4,"In addition to his gun, he claimed to have explosives hidden in his suitcase.",36,"['addition', 'gun', 'claim', 'explosive', 'hide', 'suitcase']","['suitcase', 'hide', 'explosive', 'claim', 'addition', 'gun']",[],5a489a70e8e85b0c6ec4eeb1a026e1f2_4
341864fecc6121e1ab4d5c1138ed7e66,4,Only 12 of the victims were initially identified.,18,"['victim', 'initially', 'identify']","['victim', 'identify', 'initially']","[('Only 12', 'CARDINAL')]",341864fecc6121e1ab4d5c1138ed7e66_4
2285b00b88a1a1018921a993fcf8c474,1,"It was primarily aimed at police stations in Glina and Kozibrod, as well as police-held positions in a string of villages between the town of Dvor and Kozibrod.",98,"['primarily', 'aim', 'police', 'station', 'Glina', 'Kozibrod', 'well', 'policeheld', 'position', 'stre', 'village', 'town', 'Dvor', 'Kozibrod']","['position', 'primarily', 'station', 'stre', 'aim', 'village', 'Dvor', 'policeheld', 'Kozibrod', 'Glina', 'well', 'town', 'police']","[('Glina', 'LOC'), ('Kozibrod', 'PERSON'), ('Dvor', 'GPE'), ('Kozibrod', 'PERSON')]",2285b00b88a1a1018921a993fcf8c474_1
dbf00af28f3e64bf7661c480e7b56713,3,"The conspirators included: Ma Anand Sheela; Sally-Anne Croft, Chief Financial Officer of Rajneeshpuram; Susan Hagan, head of security at Rajneeshpuram; Catherine Jane Stork, who bought weapons and silencers and volunteered to be the actual murderer; Ann Phyllis McCarthy, fourth-in-command of Rajneeshpuram; and co-conspirators Alma Potter, Carol Matthews, Phyllis Caldwell, and Richard Kevin Langford.",30,"['conspirator', 'include', 'Anand', 'Sheela', 'SallyAnne', 'Croft', 'Chief', 'Financial', 'Officer', 'Rajneeshpuram', 'Susan', 'Hagan', 'head', 'security', 'Rajneeshpuram', 'Catherine', 'Jane', 'Stork', 'buy', 'weapon', 'silencer', 'volunteer', 'actual', 'murderer', 'Ann', 'Phyllis', 'McCahy', 'fouhincommand', 'Rajneeshpuram', 'coconspirator', 'Alma', 'Potter', 'Carol', 'Matthews', 'Phyllis', 'Caldwell', 'Richard', 'Kevin', 'Langford']","['Alma', 'Chief', 'weapon', 'Financial', 'Catherine', 'murderer', 'fouhincommand', 'Langford', 'Richard', 'Potter', 'Sheela', 'McCahy', 'Officer', 'conspirator', 'Caldwell', 'Phyllis', 'SallyAnne', 'include', 'actual', 'Kevin', 'Stork', 'Carol', 'volunteer', 'Susan', 'Rajneeshpuram', 'Matthews', 'buy', 'head', 'Ann', 'coconspirator', 'silencer', 'Anand', 'security', 'Jane', 'Croft', 'Hagan']","[('Ma Anand Sheela', 'PERSON'), ('Sally-Anne Croft', 'PERSON'), ('Susan Hagan', 'PERSON'), ('Catherine Jane Stork', 'PERSON'), ('Ann Phyllis McCarthy', 'PERSON'), ('fourth', 'ORDINAL'), ('Alma Potter', 'PERSON'), ('Carol Matthews', 'PERSON'), ('Phyllis Caldwell', 'PERSON'), ('Richard Kevin Langford', 'PERSON')]",dbf00af28f3e64bf7661c480e7b56713_3
03e4cd117f7bc8bbd6b7e62cb8d0d07b,2,"The following day, approximately 100 Serb males were murdered by the Ustaše in the nearby village of Prekopi.",20,"['follow', 'day', 'approximately', 'serb', 'male', 'murder', 'Ustaše', 'nearby', 'village', 'Prekopi']","['approximately', 'murder', 'male', 'village', 'Ustaše', 'serb', 'nearby', 'Prekopi', 'follow', 'day']","[('The following day', 'DATE'), ('approximately 100', 'CARDINAL'), ('Serb', 'NORP'), ('Ustaše', 'PERSON'), ('Prekopi', 'NORP')]",03e4cd117f7bc8bbd6b7e62cb8d0d07b_2
03e4cd117f7bc8bbd6b7e62cb8d0d07b,12,"The memorial museum was converted into a generic cultural institution, to the dismay of the local Serbian population.",65,"['memorial', 'museum', 'convee', 'generic', 'cultural', 'institution', 'dismay', 'local', 'serbian', 'population']","['museum', 'generic', 'population', 'institution', 'local', 'serbian', 'convee', 'memorial', 'dismay', 'cultural']","[('Serbian', 'NORP')]",03e4cd117f7bc8bbd6b7e62cb8d0d07b_12
03e4cd117f7bc8bbd6b7e62cb8d0d07b,3,Estimates of the overall number of Serbs killed from 11–13 May range from 260 to 417.,20,"['estimate', 'overall', 'number', 'Serbs', 'kill', '11–13', 'May', 'range']","['overall', '11–13', 'kill', 'May', 'Serbs', 'estimate', 'range', 'number']","[('Serbs', 'NORP'), ('260', 'CARDINAL'), ('417', 'CARDINAL')]",03e4cd117f7bc8bbd6b7e62cb8d0d07b_3
a59af4fff9a17270fce2288c384f40f7,3,Ağca was apprehended immediately and later sentenced to life in prison by an Italian court.,114,"['Ağca', 'apprehend', 'immediately', 'later', 'sentence', 'life', 'prison', 'italian', 'cou']","['prison', 'immediately', 'apprehend', 'life', 'Ağca', 'italian', 'later', 'sentence', 'cou']","[('Ağca', 'ORG'), ('Italian', 'NORP')]",a59af4fff9a17270fce2288c384f40f7_3
a59af4fff9a17270fce2288c384f40f7,0,"The attempted assassination of Pope John Paul II took place on Wednesday, 13 May 1981, in St. Peter's Square in Vatican City.",31,"['attempt', 'assassination', 'Pope', 'John', 'Paul', 'II', 'take', 'place', 'Wednesday', 'May', 'St', 'Peters', 'Square', 'Vatican', 'City']","['Paul', 'City', 'May', 'Vatican', 'St', 'Pope', 'Square', 'John', 'II', 'place', 'Wednesday', 'attempt', 'assassination', 'Peters', 'take']","[('John Paul II', 'PERSON'), ('Wednesday', 'DATE'), ('May 1981', 'DATE'), (""St. Peter's Square"", 'FAC'), ('Vatican City', 'GPE')]",a59af4fff9a17270fce2288c384f40f7_0
a59af4fff9a17270fce2288c384f40f7,4,The Pope later forgave Ağca for the assassination attempt.,72,"['Pope', 'later', 'forgive', 'Ağca', 'assassination', 'attempt']","['forgive', 'Pope', 'Ağca', 'attempt', 'later', 'assassination']","[('Ağca', 'PERSON')]",a59af4fff9a17270fce2288c384f40f7_4
3842b8a708a3ce47f4855a1ce64febcd,7,The British warships were cannonaded and Duckworth was forced to sail back to the Mediterranean on 3 March 1807.,46,"['british', 'warship', 'cannonade', 'Duckwoh', 'force', 'sail', 'back', 'Mediterranean', 'March']","['force', 'british', 'March', 'Mediterranean', 'cannonade', 'back', 'warship', 'sail', 'Duckwoh']","[('British', 'NORP'), ('Duckworth', 'PERSON'), ('Mediterranean', 'LOC'), ('3 March 1807', 'DATE')]",3842b8a708a3ce47f4855a1ce64febcd_7
e14207ca55f6f9dec781aabbd6b9db14,4,The KLFA failed to capture widespread public support.,21,"['KLFA', 'fail', 'capture', 'widespread', 'public', 'suppo']","['capture', 'public', 'widespread', 'suppo', 'fail', 'KLFA']","[('KLFA', 'ORG')]",e14207ca55f6f9dec781aabbd6b9db14_4
d0fff515b6e78c60746cb9851cf71956,11,"The operative intervention of military firefighters of 'Semenic' Inspectorate for Emergency Situations had saved 20 people, including four children.",86,"['operative', 'intervention', 'military', 'firefighter', 'Semenic', 'Inspectorate', 'Emergency', 'Situations', 'save', 'people', 'include', 'four', 'child']","['people', 'save', 'military', 'Semenic', 'Situations', 'child', 'Emergency', 'Inspectorate', 'intervention', 'include', 'operative', 'four', 'firefighter']","[('Semenic', 'PERSON'), ('Inspectorate for Emergency Situations', 'ORG'), ('20', 'CARDINAL'), ('four', 'CARDINAL')]",d0fff515b6e78c60746cb9851cf71956_11
