0,1,2,3,4,5,6,7,8,9,10,11,12
1058952760807301120,@altrkah,ุญุงููุช ุงูุตู ุบูุงู ู ุถุงุนุช ุงุนูููู ู ุนุฑูุช ุฅู ุงูุบูุง ูุง ุฒุงุฏ ูุงููุตูููู#ุญุงูุฏ_ุฒูุฏ #ุงูุทุงุฑ_ุงููููุช https://t.co/uG9AcHebKM,ไธๅ1:23 ยท 2018ๅนด11ๆ4ๆฅ,Kuwait_floods_18,[],"['ูุงููุตูููู#ุญุงูุฏ_ุฒูุฏ', '#ุงูุทุงุฑ_ุงููููุช']",['https://t.co/uG9AcHebKM'],"['ุญุงููุช', 'ุงูุตู', 'ุบูุงู', 'ู', 'ุถุงุนุช', 'ุงุนูููู', 'ู', 'ุนุฑูุช', 'ุฅู', 'ุงูุบูุง', 'ูุง', 'ุฒุงุฏ']",2018-11-04 13:23:00,"['ุญุงููุช', 'ุงูุตู', 'ุบูุงู', 'ู', 'ุถุงุนุช', 'ุงุนูููู', 'ู', 'ุนุฑูุช', 'ุฅู', 'ุงูุบูุง', 'ูุง', 'ุฒุงุฏ']",[],[]
1058989747295666176,@drzjeran,#ุงูุทุงุฑ_ุงููููุช ุงุดูุฏ ุงู ุงูุฌู ูุง ูุดุจููู,ไธๅ3:50 ยท 2018ๅนด11ๆ4ๆฅ,Kuwait_floods_18,[],['#ุงูุทุงุฑ_ุงููููุช'],[],"['ุงุดูุฏ', 'ุงู', 'ุงูุฌู', 'ูุง', 'ูุดุจููู']",2018-11-04 15:50:00,"['ุงุดูุฏ', 'ุงู', 'ุงูุฌู', 'ูุง', 'ูุดุจููู']",[],[]
1059027305723584513,@ASIALDHAFEERI,ุฃูุทุฑูุง ุจูุถู ุงููู #ุงูุทุงุฑ_ุงููููุช #ุฃู_ุงููููุงู ุฌููุจู ุงูุจูุงุฏ #ุณููุง ุฑุญูุฉ #ุงูููู ุตูุจุงู ูุงูุนุงู https://t.co/w8d0f49dmp,ไธๅ6:19 ยท 2018ๅนด11ๆ4ๆฅ,Kuwait_floods_18,[],"['#ุงูุทุงุฑ_ุงููููุช', '#ุฃู_ุงููููุงู', '#ุณููุง', '#ุงูููู']",['https://t.co/w8d0f49dmp'],"['ุฃูุทุฑูุง', 'ุจูุถู', 'ุงููู', 'ุฌููุจู', 'ุงูุจูุงุฏ', 'ุฑุญูุฉ', 'ุตูุจุงู', 'ูุงูุนุงู']",2018-11-04 18:19:00,"['ุฃูุทุฑูุง', 'ุจ', 'ูุถู', 'ุงููู', 'ุฌููุจู', 'ุงูุจูุงุฏ', 'ุฑุญูุฉ', 'ุตูุจุงู', 'ูุงูุนุงู']",[],[]
1059036041305341952,@sha3er80kw,ูู ( ุงููููุช ) ููุฑุญูู ุจุงูุฌูู ูุฃูุง ูุงุดูุชู ูุฑุญ ุนููู ุฒุงู ( ุงูุชููุชุฑ ) ุจุนููู ุชูู ุบุฑูุฏู ุญุฑููู ุชููููู . . #ุฃูุทุงุฑ_ุงููููุช https://t.co/kvGHXI3tXU,ไธๅ6:54 ยท 2018ๅนด11ๆ4ๆฅ,Kuwait_floods_18,[],['#ุฃูุทุงุฑ_ุงููููุช'],['https://t.co/kvGHXI3tXU'],"['ูู', '', 'ุงููููุช', '', 'ููุฑุญูู', 'ุจุงูุฌูู', 'ูุฃูุง', 'ูุงุดูุชู', 'ูุฑุญ', 'ุนููู', 'ุฒุงู', '', 'ุงูุชููุชุฑ', '', 'ุจุนููู', 'ุชูู', 'ุบุฑูุฏู', 'ุญุฑููู', 'ุชููููู', '', '']",2018-11-04 18:54:00,"['ูู', 'ุงููููุช', 'ููุฑุญูู', 'ุจ', 'ุงูุฌูู', 'ู', 'ุฃูุง', 'ู', 'ุงุดูุชู', 'ูุฑุญ', 'ุนููู', 'ุฒุงู', 'ุงูุชููุชุฑ', 'ุจ', 'ุนููู', 'ุชูู', 'ุบุฑูุฏู', 'ุญุฑููู', 'ุชููููู']",['ุงููููุช'],[]
1059037896618008576,@qweaa1234,#ุงูุทุงุฑ_ุงููููุช _ ูุทุฑ ูุฎูุฑ ุจูุถู ุงููู ูุงูุงุฌูุงุก ุฌูููุฉ ุฌุฏุงู ูู ุงููุฎูู ุจุงูุจุฑ ... ูููููู ุขููู ุญุงุทู ูููุงุฌ ูุง ุชุทูุน ุจูุฐุง ุงูุฌู ูุงูู ูู ุตุงูุญูุง ๐๐๐ ๐๐๐,ไธๅ7:01 ยท 2018ๅนด11ๆ4ๆฅ,Kuwait_floods_18,[],['#ุงูุทุงุฑ_ุงููููุช'],[],"['_', 'ูุทุฑ', 'ูุฎูุฑ', 'ุจูุถู', 'ุงููู', 'ูุงูุงุฌูุงุก', 'ุฌูููุฉ', 'ุฌุฏุงู', 'ูู', 'ุงููุฎูู', 'ุจุงูุจุฑ', '', 'ูููููู', 'ุขููู', 'ุญุงุทู', 'ูููุงุฌ', 'ูุง', 'ุชุทูุน', 'ุจูุฐุง', 'ุงูุฌู', 'ูุงูู', 'ูู', 'ุตุงูุญูุง', '๐๐๐', '๐๐๐']",2018-11-04 19:01:00,"['ูุทุฑ', 'ูุฎูุฑ', 'ุจ', 'ูุถู', 'ุงููู', 'ู', 'ุงูุฃุฌูุงุก', 'ุฌูููุฉ', 'ุฌุฏุงู', 'ูู', 'ุงููุฎูู', 'ุจ', 'ุงูุจุฑ', 'ูููููู', 'ุขููู', 'ุญุงุทู', 'ูููุงุฌ', 'ูุง', 'ุชุทูุน', 'ุจ', 'ููฐุฐุง', 'ุงูุฌู', 'ูุงูู', 'ูู', 'ุตุงูุญ', 'ูุง', '๐๐๐', '๐๐๐']",[],[]
1059040048497287170,@alathkariiiiiii,#ุงูุทุงุฑ_ุฌุฏุฉ_ุงูุงู #ุงูุทุงุฑ_ุงููููุช ุงูููู ุงุณุนุฏ ูู ูุดุฑ ูุฐุง ุงูููุทุน ุงูุดุฑ ุชุคุฌุฑ ๐๐ง https://t.co/ErvpXRGVyW,ไธๅ7:09 ยท 2018ๅนด11ๆ4ๆฅ,Kuwait_floods_18,[],"['#ุงูุทุงุฑ_ุฌุฏุฉ_ุงูุงู', '#ุงูุทุงุฑ_ุงููููุช']",['https://t.co/ErvpXRGVyW'],"['ุงูููู', 'ุงุณุนุฏ', 'ูู', 'ูุดุฑ', 'ูุฐุง', 'ุงูููุทุน', 'ุงูุดุฑ', 'ุชุคุฌุฑ', '๐๐ง']",2018-11-04 19:09:00,"['ุงูููู', 'ุงุณุนุฏ', 'ูู', 'ูุดุฑ', 'ูุฐุง', 'ุงูููุทุน', 'ุงูุดุฑ', 'ุชุคุฌุฑ', '๐๐ง']",[],[]
1059049715579412480,@Fahmq8,#ุงูุทุงุฑ_ุงููููุช ุฃูุทุฑู ุจุงูุฎูุฑ ูุฑุดู ูุงุณุญุงุจู ูุงุทูุจู ูุงููุณ ุฏุงู ุงููู ูุฑูู*โฅ๏ธ,ไธๅ7:48 ยท 2018ๅนด11ๆ4ๆฅ,Kuwait_floods_18,[],['#ุงูุทุงุฑ_ุงููููุช'],[],"['ุฃูุทุฑู', 'ุจุงูุฎูุฑ', 'ูุฑุดู', 'ูุงุณุญุงุจู', 'ูุงุทูุจู', 'ูุงููุณ', 'ุฏุงู', 'ุงููู', 'ูุฑูู*โฅ๏ธ']",2018-11-04 19:48:00,"['ุฃูุทุฑู', 'ุจ', 'ุงูุฎูุฑ', 'ู', 'ุฑุดู', 'ูุงุณุญุงุจ', 'ู', 'ู', 'ุงุทูุจู', 'ูุงููุณ', 'ุฏุงู', 'ุงููู', 'ูุฑูู', 'โฅ']",[],[]
1059057193029431296,@q8hip,#ุงูุทุงุฑ_ุงููููุช ูุญุฏ ูููู ุงูุฌู ูุดุจููู ุฎูููุง ูุณุชุงูุณ ุจุงููุทุฑ,ไธๅ8:18 ยท 2018ๅนด11ๆ4ๆฅ,Kuwait_floods_18,[],['#ุงูุทุงุฑ_ุงููููุช'],[],"['ูุญุฏ', 'ูููู', 'ุงูุฌู', 'ูุดุจููู', 'ุฎูููุง', 'ูุณุชุงูุณ', 'ุจุงููุทุฑ']",2018-11-04 20:18:00,"['ูุญุฏ', 'ูููู', 'ุงูุฌู', 'ูุดุจููู', 'ุฎูููุง', 'ูุณุชุงูุณ', 'ุจุงููุทุฑ']",[],[]
1059063175423901697,@ArabShop,| #ููุงูุน | ุงูุฌู ุงูููู ุฌู #ุดุงู ู #ูููุฉ ุงุฐุง ูุฏู ุจุดู ูุฎุชูู ุงุทูุจ ูู ูุงููููุน ุงููุชุฎุตุต ุจุงูุดุงู https://t.co/eTsMDkRLWx ุนูุฏู ุดุญู ุฏููู ูุจุงุดุฑ #ุงูุทุงุฑ_ุงููููุช https://t.co/dsJJc32Jw8,ไธๅ8:41 ยท 2018ๅนด11ๆ4ๆฅ,Kuwait_floods_18,[],"['#ููุงูุน', '#ุดุงู', '#ูููุฉ', '#ุงูุทุงุฑ_ุงููููุช']","['https://t.co/eTsMDkRLWx', 'https://t.co/dsJJc32Jw8']","['|', '|', 'ุงูุฌู', 'ุงูููู', 'ุฌู', 'ู', 'ุงุฐุง', 'ูุฏู', 'ุจุดู', 'ูุฎุชูู', 'ุงุทูุจ', 'ูู', 'ูุงููููุน', 'ุงููุชุฎุตุต', 'ุจุงูุดุงู', 'ุนูุฏู', 'ุดุญู', 'ุฏููู', 'ูุจุงุดุฑ']",2018-11-04 20:41:00,"['ุงูุฌู', 'ุงูููู', 'ุฌู', 'ู', 'ุงุฐุง', 'ูุฏู', 'ุจ', 'ุดู', 'ูุฎุชูู', 'ุงุทูุจ', 'ูู', 'ูุงููููุน', 'ุงููุชุฎุตุต', 'ุจ', 'ุงูุดุงู', 'ุนูุฏ', 'ู', 'ุดุญู', 'ุฏููู', 'ูุจุงุดุฑ']",[],[]
1059076389880639488,@mdbag_q8,"#ุงูุทุงุฑ_ุงููููุช "" ุชุญุช ุงููุทุฑ ุงุฏุนู ูุฃููู ูุง ุฑุจ .. ุนุงุดู ูุง ุบูุท - ุถุงูู : ููุง ุนูุฏู ุญููู ุงูุญู ุจู ุงูุฏููู .. ููุท !!",ไธๅ9:34 ยท 2018ๅนด11ๆ4ๆฅ,Kuwait_floods_18,[],['#ุงูุทุงุฑ_ุงููููุช'],[],"['""', 'ุชุญุช', 'ุงููุทุฑ', 'ุงุฏุนู', 'ูุฃููู', 'ูุง', 'ุฑุจ', '', 'ุนุงุดู', 'ูุง', 'ุบูุท', '-', 'ุถุงูู', ':', 'ููุง', 'ุนูุฏู', 'ุญููู', 'ุงูุญู', 'ุจู', 'ุงูุฏููู', '', 'ููุท', '']",2018-11-04 21:34:00,"['ุชุญุช', 'ุงููุทุฑ', 'ุงุฏุนู', 'ู', 'ุฃููู', 'ูุง', 'ุฑุจ', 'ุนุงุดู', 'ูุง', 'ุบูุท', 'ุถุงูู', 'ู', 'ูุง', 'ุนูุฏ', 'ู', 'ุญููู', 'ุงูุญู', 'ุจู', 'ุงูุฏููู', 'ููุท']",[],[]
1059083518859448321,@b_4vb,ููู ูู ููุฑุฃ ๐ : ุงููููููููู ุจุนุฏุฏ ูุทุฑุงุช ุงููุทุฑ ุ ุฃุฑุญ ููุจู ูุงุฑุฒูู ุณุนุงุฏุฉ ูุง ุชูุชูู ูุญููู ูู ูุง ูุฑุฌูู ูุงุฑุฒูู ุฑุงุญุฉ ุชุบููู ุนู ูููู ุดูุฆ ูุฃุจุนุฏ ุนูู ูู ุฃูู ูุถูู ูุญุฒู ูุง ุฃุฑุญู ุงูุฑุญููู ๐ #ุงูุทุงุฑ_ุงููููุช https://t.co/KBMu31UJr3,ไธๅ10:02 ยท 2018ๅนด11ๆ4ๆฅ,Kuwait_floods_18,[],['#ุงูุทุงุฑ_ุงููููุช'],['https://t.co/KBMu31UJr3'],"['ููู', 'ูู', 'ููุฑุฃ', '๐', ':', 'ุงููููููููู', 'ุจุนุฏุฏ', 'ูุทุฑุงุช', 'ุงููุทุฑ', 'ุ', 'ุฃุฑุญ', 'ููุจู', 'ูุงุฑุฒูู', 'ุณุนุงุฏุฉ', 'ูุง', 'ุชูุชูู', 'ูุญููู', 'ูู', 'ูุง', 'ูุฑุฌูู', 'ูุงุฑุฒูู', 'ุฑุงุญุฉ', 'ุชุบููู', 'ุนู', 'ูููู', 'ุดูุฆ', 'ูุฃุจุนุฏ', 'ุนูู', 'ูู', 'ุฃูู', 'ูุถูู', 'ูุญุฒู', 'ูุง', 'ุฃุฑุญู', 'ุงูุฑุญููู', '๐']",2018-11-04 22:02:00,"['ููู', 'ูู', 'ููุฑุฃ', '๐', 'ุงููููููููู', 'ุจ', 'ุนุฏุฏ', 'ูุทุฑุงุช', 'ุงููุทุฑ', 'ุฃุฑุญ', 'ููุจ', 'ู', 'ู', 'ุฃุฑุฒู', 'ู', 'ุณุนุงุฏุฉ', 'ูุง', 'ุชูุชูู', 'ู', 'ุญููู', 'ู', 'ู', 'ูุง', 'ูุฑุฌูุง', 'ู', 'ู', 'ุฃุฑุฒู', 'ู', 'ุฑุงุญุฉ', 'ุชุบูู', 'ู', 'ุนู', 'ูููู', 'ุดูุฆ', 'ู', 'ุฃุจุนุฏ', 'ุนู', 'ู', 'ูู', 'ุฃูู', 'ูุถูู', 'ู', 'ุญุฒู', 'ูุง', 'ุฃุฑุญู', 'ุงูุฑุญููู']",[],[]
1059086503614263302,@maldhafere,#ุงูุทุงุฑ_ุงููููุช ุงูููู ุฃูู ุฃุณุงูู ุจุนุฏุฏ ูุทุฑุงุช ูุฐุง ุงููุทุฑ ุชูุฑูุฌุข ููู ูู ูุงุณุชุฌุงุจุฉ ููู ุฏุนุงุก๐น.,ไธๅ10:14 ยท 2018ๅนด11ๆ4ๆฅ,Kuwait_floods_18,[],['#ุงูุทุงุฑ_ุงููููุช'],[],"['ุงูููู', 'ุฃูู', 'ุฃุณุงูู', 'ุจุนุฏุฏ', 'ูุทุฑุงุช', 'ูุฐุง', 'ุงููุทุฑ', 'ุชูุฑูุฌุข', 'ููู', 'ูู', 'ูุงุณุชุฌุงุจุฉ', 'ููู', 'ุฏุนุงุก๐น']",2018-11-04 22:14:00,"['ุงูููู', 'ุฃูู', 'ุฃุณุงูู', 'ุจ', 'ุนุฏุฏ', 'ูุทุฑุงุช', 'ูุฐุง', 'ุงููุทุฑ', 'ุชูุฑูุฌุข', 'ู', 'ูู', 'ูู', 'ู', 'ุงุณุชุฌุงุจุฉ', 'ู', 'ูู', 'ุฏุนุงุก']",[],[]
1059086544152260609,@o_al7jelan,#ุงูุทุงุฑ_ุงููููุช ุณูููุง ูุฎุฑู ุชุฑุถู .. ูุง ูุทููุง ุ ููุตู ูุฑู ุชุนูุด ุงูุช ุจููุชูุง . ููู ููุฑุญ ุจุงููุทุฑ ูุฐุง ูุญููุง ุงููุทุฑ ููุถุญ ุนููุจ .. ุจููุชูุง :) https://t.co/C6O0AnvJ6k,ไธๅ10:14 ยท 2018ๅนด11ๆ4ๆฅ,Kuwait_floods_18,[],['#ุงูุทุงุฑ_ุงููููุช'],['https://t.co/C6O0AnvJ6k'],"['ุณูููุง', 'ูุฎุฑู', 'ุชุฑุถู', '', 'ูุง', 'ูุทููุง', 'ุ', 'ููุตู', 'ูุฑู', 'ุชุนูุด', 'ุงูุช', 'ุจููุชูุง', '', 'ููู', 'ููุฑุญ', 'ุจุงููุทุฑ', 'ูุฐุง', 'ูุญููุง', 'ุงููุทุฑ', 'ููุถุญ', 'ุนููุจ', '', 'ุจููุชูุง', ':']",2018-11-04 22:14:00,"['ุณูู', 'ูุง', 'ูุฎุฑู', 'ุชุฑุถู', 'ูุง', 'ูุทููุง', 'ู', 'ูุตู', 'ูุฑู', 'ุชุนูุด', 'ุงูุช', 'ุจ', 'ููุฉ', 'ูุง', 'ููู', 'ููุฑุญ', 'ุจ', 'ุงููุทุฑ', 'ูุฐุง', 'ู', 'ุญูุง', 'ุงููุทุฑ', 'ููุถุญ', 'ุนููุจ', 'ุจููุฉ', 'ูุง']",[],[]
1059090551264497664,@Faisalm66,ุตูุช ุฒุฎุงุช ุงููุทุฑ ูุฑูุญ ูู ูู ุงูุฃูุฒุฌุฉ โค๏ธ #ุตูุช_ุงููุทุฑ #ุงูุทุงุฑ_ุงููููุช https://t.co/ETE9UntMU4,ไธๅ10:30 ยท 2018ๅนด11ๆ4ๆฅ,Kuwait_floods_18,[],"['#ุตูุช_ุงููุทุฑ', '#ุงูุทุงุฑ_ุงููููุช']",['https://t.co/ETE9UntMU4'],"['ุตูุช', 'ุฒุฎุงุช', 'ุงููุทุฑ', 'ูุฑูุญ', 'ูู', 'ูู', 'ุงูุฃูุฒุฌุฉ', 'โค๏ธ']",2018-11-04 22:30:00,"['ุตูุช', 'ุฒุฎุงุช', 'ุงููุทุฑ', 'ูุฑูุญ', 'ูู', 'ูู', 'ุงูุฃูุฒุฌุฉ']",[],[]
1059092546415222784,@s_m_d_222,ุงูููู ุฃุดูู ูู ูุฑูุถ ูุฃุฑุฒู ูู ูููุฑ ุงูููู ุณูู ุนูู ูู ูู ุฃุณุชุตุนุจ ุนููู ุฃูุฑ ุงูููู ูุฑุฌ ูู ุงูููููู ุงูููู ุฃุบูุฑ ููุฃุญูุงุก ูุงูุฃููุงุช๐ฟ #ุตูุช_ุงููุทุฑ #ุงูุทุงุฑ_ุงููููุช https://t.co/93GwM0wHaw,ไธๅ10:38 ยท 2018ๅนด11ๆ4ๆฅ,Kuwait_floods_18,[],"['#ุตูุช_ุงููุทุฑ', '#ุงูุทุงุฑ_ุงููููุช']",['https://t.co/93GwM0wHaw'],"['ุงูููู', 'ุฃุดูู', 'ูู', 'ูุฑูุถ', 'ูุฃุฑุฒู', 'ูู', 'ูููุฑ', 'ุงูููู', 'ุณูู', 'ุนูู', 'ูู', 'ูู', 'ุฃุณุชุตุนุจ', 'ุนููู', 'ุฃูุฑ', 'ุงูููู', 'ูุฑุฌ', 'ูู', 'ุงูููููู', 'ุงูููู', 'ุฃุบูุฑ', 'ููุฃุญูุงุก', 'ูุงูุฃููุงุช๐ฟ']",2018-11-04 22:38:00,"['ุงูููู', 'ุฃุดูู', 'ูู', 'ูุฑูุถ', 'ู', 'ุฃุฑุฒู', 'ูู', 'ูููุฑ', 'ุงูููู', 'ุณ', 'ูู', 'ุนูู', 'ูู', 'ูู', 'ุฃุณุชุตุนุจ', 'ุนูู', 'ู', 'ุฃูุฑ', 'ุงูููู', 'ูุฑุฌ', 'ูู', 'ุงูููููู', 'ุงูููู', 'ุฃุบูุฑ', 'ู', 'ุงูุฃุญูุงุก', 'ู', 'ุงูุฃููุงุช']",[],[]
1059093630923759616,@N_OTB36,#ุงูุทุงุฑ_ุงููููุช ุงูููููู ุฃูุทุฑ ุนูู ูููุจูุฑู ููุชุงูุง ูู ุณุญุงุฆูุจ ุฑุญูุชู ููุบูุฑุชู .. https://t.co/k6aTUD2t7S,ไธๅ10:42 ยท 2018ๅนด11ๆ4ๆฅ,Kuwait_floods_18,[],['#ุงูุทุงุฑ_ุงููููุช'],['https://t.co/k6aTUD2t7S'],"['ุงูููููู', 'ุฃูุทุฑ', 'ุนูู', 'ูููุจูุฑู', 'ููุชุงูุง', 'ูู', 'ุณุญุงุฆูุจ', 'ุฑุญูุชู', 'ููุบูุฑุชู', '']",2018-11-04 22:42:00,"['ุงูููููู', 'ุฃูุทุฑ', 'ุนูู', 'ูููุจูุฑู', 'ููุชุงูุง', 'ูู', 'ุณุญุงุฆูุจ', 'ุฑุญูุฉ', 'ู', 'ููุบูุฑุชู']",[],[]
1059097925513633793,@amaeeri,ูุงู ุฑุณูู ุงููู๏ทบ โ ุงุฏุนูุง ุงููู ูุฃูุชู ูููููู ุจุงูุฅุฌุงุจุฉ ูุงุนูููุง ุฃู ุงููู ูุงูุณุชุฌูุจ ุฏุนุงุกู ูู ููุจ ุบุงููู ูุงูู . โ ุงูุฃูุจุงูู ุตุญูุญ ุงูุชุฑูุฐู 3479 #ุงูุทุงุฑ_ุงููููุช #ุตูุช_ุงููุทุฑ,ไธๅ10:59 ยท 2018ๅนด11ๆ4ๆฅ,Kuwait_floods_18,[],"['#ุงูุทุงุฑ_ุงููููุช', '#ุตูุช_ุงููุทุฑ']",[],"['ูุงู', 'ุฑุณูู', 'ุงููู๏ทบ', 'โ', 'ุงุฏุนูุง', 'ุงููู', 'ูุฃูุชู', 'ูููููู', 'ุจุงูุฅุฌุงุจุฉ', 'ูุงุนูููุง', 'ุฃู', 'ุงููู', 'ูุงูุณุชุฌูุจ', 'ุฏุนุงุกู', 'ูู', 'ููุจ', 'ุบุงููู', 'ูุงูู', '', 'โ', 'ุงูุฃูุจุงูู', 'ุตุญูุญ', 'ุงูุชุฑูุฐู', '3479']",2018-11-04 22:59:00,"['ูุงู', 'ุฑุณูู', 'ุงููู๏ทบ', 'ุงุฏุนูุง', 'ุงููู', 'ู', 'ุฃูุชู', 'ูููููู', 'ุจ', 'ุงูุฅุฌุงุจุฉ', 'ู', 'ุฃุนูููุง', 'ุฃู', 'ุงููู', 'ู', 'ุงูุณุชุฌูุจ', 'ุฏุนุงุกู', 'ูู', 'ููุจ', 'ุบุงููู', 'ู', 'ุฃูุฏ', 'โ', 'ุงูุฃูุจุงูู', 'ุตุญูุญ', 'ุงูุชุฑูุฐู', '3479']",[],[]
1059099103924310016,@_A26___,#ุงูุทุงุฑ_ุงููููุช #ุตูุช_ุงููุทุฑ ๏ฎผูุณุงุกุุงููุทุฑุูุงูุบููุูุจุฏุงูุงุชุุงูุดุชุงุกุุงูุญููู๐ป https://t.co/mspBy5oUjk,ไธๅ11:04 ยท 2018ๅนด11ๆ4ๆฅ,Kuwait_floods_18,[],"['#ุงูุทุงุฑ_ุงููููุช', '#ุตูุช_ุงููุทุฑ']",['https://t.co/mspBy5oUjk'],['๏ฎผูุณุงุกุุงููุทุฑุูุงูุบููุูุจุฏุงูุงุชุุงูุดุชุงุกุุงูุญููู๐ป'],2018-11-04 23:04:00,"['ุฏ', 'ูุณุงุก', 'ุุงููุทุฑ', 'ูุงูุบูู', 'ูุจุฏุงูุงุช', 'ุุงูุดุชุงุก', 'ุงูุญููู๐ป']",[],[]
1059100213439279104,@R_bader_R,#ุงูุทุงุฑ_ุงููููุช ุฑุณุงูุฉ ุฅูู ุงูุณูุฌุงู ุนุงุฆุดุฉ ุฎูุฑุช ุงูุดุงุทุฑ . . ุงูููู ุนููู ุจุงูุธุงูููู .. ุงูููู ูุฑุฌ ุนู ุงููุนุชูููู ูู ุณุฌูู ุงูุทุบุงุฉ ูุงูุธุงูููู ููู ูุนูู ูุซุจุชูู ูุตุจุฑูู ูุฃูููู ุงููุฑุงู ูุงูุชูู ููู ุธูููู ูู ุงูุฏููุง ูุงูุขุฎุฑุฉ .. . . ุงูููู ุขููู https://t.co/cgTcWA3WFF,ไธๅ11:09 ยท 2018ๅนด11ๆ4ๆฅ,Kuwait_floods_18,[],['#ุงูุทุงุฑ_ุงููููุช'],['https://t.co/cgTcWA3WFF'],"['ุฑุณุงูุฉ', 'ุฅูู', 'ุงูุณูุฌุงู', 'ุนุงุฆุดุฉ', 'ุฎูุฑุช', 'ุงูุดุงุทุฑ', '', '', 'ุงูููู', 'ุนููู', 'ุจุงูุธุงูููู', '', 'ุงูููู', 'ูุฑุฌ', 'ุนู', 'ุงููุนุชูููู', 'ูู', 'ุณุฌูู', 'ุงูุทุบุงุฉ', 'ูุงูุธุงูููู', 'ููู', 'ูุนูู', 'ูุซุจุชูู', 'ูุตุจุฑูู', 'ูุฃูููู', 'ุงููุฑุงู', 'ูุงูุชูู', 'ููู', 'ุธูููู', 'ูู', 'ุงูุฏููุง', 'ูุงูุขุฎุฑุฉ', '', '', '', 'ุงูููู', 'ุขููู']",2018-11-04 23:09:00,"['ุฑุณุงูุฉ', 'ุฅูู', 'ุงูุณูุฌุงู', 'ุนุงุฆุดุฉ', 'ุฎูุฑุช', 'ุงูุดุงุทุฑ', 'ุงูููู', 'ุนูู', 'ู', 'ุจ', 'ุงูุธุงูููู', 'ุงูููู', 'ูุฑุฌ', 'ุนู', 'ุงููุนุชูููู', 'ูู', 'ุณุฌูู', 'ุงูุทุบุงุฉ', 'ู', 'ุงูุธุงูููู', 'ู', 'ูู', 'ูุน', 'ูู', 'ู', 'ุซุจุฉ', 'ูู', 'ูุตุจุฑ', 'ูู', 'ู', 'ุฃูู', 'ูู', 'ุงููุฑุงู', 'ู', 'ุงูุชูู', 'ููู', 'ุธูู', 'ูู', 'ูู', 'ุงูุฏููุง', 'ู', 'ุงูุขุฎุฑุฉ', 'ุงูููู', 'ุขููู']",['ุฎูุฑุช ุงูุดุงุทุฑ'],[]
1059115024172621825,@NaiFalmaash3,#ุงูุทุงุฑ_ุงููููุช ุงูููู ุฃุบุณู ูุจูุฑ ูู ุฃุดุชููุง ุฅูููู ููู ุชุญุช ุงูุชุฑุงุจ ุงูููู ุฃุฌูุนูุง ุจูู ูู ุงูุฌูุฉ ูุงุฑุจ๐งโค๏ธ https://t.co/D72AlsdiQ7,ไธๅ12:07 ยท 2018ๅนด11ๆ5ๆฅ,Kuwait_floods_18,[],['#ุงูุทุงุฑ_ุงููููุช'],['https://t.co/D72AlsdiQ7'],"['ุงูููู', 'ุฃุบุณู', 'ูุจูุฑ', 'ูู', 'ุฃุดุชููุง', 'ุฅูููู', 'ููู', 'ุชุญุช', 'ุงูุชุฑุงุจ', 'ุงูููู', 'ุฃุฌูุนูุง', 'ุจูู', 'ูู', 'ุงูุฌูุฉ', 'ูุงุฑุจ๐งโค๏ธ']",2018-11-05 00:07:00,"['ุงูููู', 'ุฃุบุณู', 'ูุจูุฑ', 'ูู', 'ุฃุดุชููุง', 'ุฅูู', 'ูู', 'ู', 'ูู', 'ุชุญุช', 'ุงูุชุฑุงุจ', 'ุงูููู', 'ุฃุฌูุน', 'ูุง', 'ุจ', 'ูู', 'ูู', 'ุงูุฌูุฉ', 'ูุงุฑุจ๐งโค', '๏ธ']",[],[]
1059116243721035776,@Talal_Albuhairi,#ุงูุทุงุฑ_ุงููููุช . ููุทูุชู ุงูุนุฒูุฒู ((ุฌุงุจุฑ ุงูุนูู)) ููุซูุฑ ูู ุงูููุงุทู.. ุงููู ูุนููุฌ..ููุนูู ุงููุฌ ุงููููู . โูู ุดุจุงุจ ุจูุง ุงุฎูุงู ูุจูุง ูุนูโ ููุญุตูู ุฏูู ูุฑุงุนุงู ููุฑูุถ.. ุงู ูุจุงุฑ ุจุงูุณู ูุญุชุงุฌูู ููุฑุงุญู.. ุงู ุทุงูุจ ูุฏุฑุณ ููุญุชุงุฌ ููุชุฑููุฒ.. . #ุฌูู,ไธๅ12:12 ยท 2018ๅนด11ๆ5ๆฅ,Kuwait_floods_18,[],"['#ุงูุทุงุฑ_ุงููููุช', '#ุฌูู']",[],"['', 'ููุทูุชู', 'ุงูุนุฒูุฒู', 'ุฌุงุจุฑ', 'ุงูุนูู', 'ููุซูุฑ', 'ูู', 'ุงูููุงุทู', 'ุงููู', 'ูุนููุฌ..ููุนูู', 'ุงููุฌ', 'ุงููููู', '', 'โูู', 'ุดุจุงุจ', 'ุจูุง', 'ุงุฎูุงู', 'ูุจูุง', 'ูุนูโ', 'ููุญุตูู', 'ุฏูู', 'ูุฑุงุนุงู', 'ููุฑูุถ', 'ุงู', 'ูุจุงุฑ', 'ุจุงูุณู', 'ูุญุชุงุฌูู', 'ููุฑุงุญู', 'ุงู', 'ุทุงูุจ', 'ูุฏุฑุณ', 'ููุญุชุงุฌ', 'ููุชุฑููุฒ', '']",2018-11-05 00:12:00,"['ููุทูุชู', 'ุงูุนุฒูุฒ', 'ู', 'ุฌุงุจุฑ', 'ุงูุนูู', 'ู', 'ูุซูุฑ', 'ูู', 'ุงูููุงุทู', 'ุงููู', 'ูุนููุฌ', 'ู', 'ูุนูู', 'ุงููุฌ', 'ุงููููู', 'ุฏู', 'ูู', 'ุดุจุงุจ', 'ุจ', 'ูุง', 'ุงุฎูุงู', 'ู', 'ุจ', 'ูุง', 'ูุนูโ', 'ููุญุตูู', 'ุฏูู', 'ูุฑุงุนุงู', 'ู', 'ูุฑูุถ', 'ุงู', 'ูุจุงุฑ', 'ุจ', 'ุงูุณู', 'ูุญุชุงุฌูู', 'ู', 'ุงูุฑุงุญ', 'ู', 'ุงู', 'ุทุงูุจ', 'ูุฏุฑุณ', 'ู', 'ูุญุชุงุฌ', 'ููุชุฑููุฒ']",['ุฌุงุจุฑ ุงูุนูู'],[]
1059125288095887360,@Abdullah_jasi,ุฎุงุจุฑู ุชุญุจู ุงููุทุฑ ุนุณู ุงููุทุฑ ููุจุฑู ูุตู ุงููู ูุฑุญูู ุจุฑุญูุชู #ุงูุทุงุฑ_ุงููููุช https://t.co/QidAPAg7Cx,ไธๅ12:48 ยท 2018ๅนด11ๆ5ๆฅ,Kuwait_floods_18,[],['#ุงูุทุงุฑ_ุงููููุช'],['https://t.co/QidAPAg7Cx'],"['ุฎุงุจุฑู', 'ุชุญุจู', 'ุงููุทุฑ', 'ุนุณู', 'ุงููุทุฑ', 'ููุจุฑู', 'ูุตู', 'ุงููู', 'ูุฑุญูู', 'ุจุฑุญูุชู']",2018-11-05 00:48:00,"['ุฎุงุจุฑู', 'ุชุญุจู', 'ุงููุทุฑ', 'ุนุณู', 'ุงููุทุฑ', 'ู', 'ูุจุฑู', 'ูุตู', 'ุงููู', 'ูุฑุญูู', 'ุจุฑุญูุชู']",[],[]
1059126195177054208,@AlSlamNews,ุณููู ุชูุทุน ุทุฑูู #ุงููุทูุงุน #ุงูุทุงุฑ_ุงููููุช https://t.co/50ZTAmmFg1,ไธๅ12:52 ยท 2018ๅนด11ๆ5ๆฅ,Kuwait_floods_18,[],"['#ุงููุทูุงุน', '#ุงูุทุงุฑ_ุงููููุช']",['https://t.co/50ZTAmmFg1'],"['ุณููู', 'ุชูุทุน', 'ุทุฑูู']",2018-11-05 00:52:00,"['ุณููู', 'ุชูุทุน', 'ุทุฑูู']",['ุณููู'],[]
1059127230251630592,@8e8eii,ุชุฎุทููู ุงูููุจ ูุฃุฑุถูู ุฌูุงู ุดููู ูู ุบูู ุณูุงู ! ูุฃูุทุฑุชโฅ๏ธ #ุงูุฌูุฑุงุก #ุงูุทุงุฑ_ุงููููุช https://t.co/6ZXP4O2Ulc,ไธๅ12:56 ยท 2018ๅนด11ๆ5ๆฅ,Kuwait_floods_18,[],"['#ุงูุฌูุฑุงุก', '#ุงูุทุงุฑ_ุงููููุช']",['https://t.co/6ZXP4O2Ulc'],"['ุชุฎุทููู', 'ุงูููุจ', 'ูุฃุฑุถูู', 'ุฌูุงู', 'ุดููู', 'ูู', 'ุบูู', 'ุณูุงู', '', 'ูุฃูุทุฑุชโฅ๏ธ']",2018-11-05 00:56:00,"['ุชุฎุทููู', 'ุงูููุจ', 'ู', 'ุฃุฑุถู', 'ู', 'ุฌูุงู', 'ุดููู', 'ูู', 'ุบูู', 'ุณูุงู', 'ูุฃูุทุฑุชโฅ๏ธ']",[],[]
1059130974972399616,@Mustafa75825088,#ุงูุทุงุฑ_ุงููููุช ูู ุดู ุฌููู ูู ุงูุดุชุงุก ุนุฏุง ุงุฑุชุฌุงู ุงูููุฑุงุก ุจุฑุฏุงู ูููุฑุงู ๐ https://t.co/Qiy9ptRk14,ไธๅ1:11 ยท 2018ๅนด11ๆ5ๆฅ,Kuwait_floods_18,[],['#ุงูุทุงุฑ_ุงููููุช'],['https://t.co/Qiy9ptRk14'],"['ูู', 'ุดู', 'ุฌููู', 'ูู', 'ุงูุดุชุงุก', 'ุนุฏุง', 'ุงุฑุชุฌุงู', 'ุงูููุฑุงุก', 'ุจุฑุฏุงู', 'ูููุฑุงู', '๐']",2018-11-05 01:11:00,"['ูู', 'ุดู', 'ุฌููู', 'ูู', 'ุงูุดุชุงุก', 'ุนุฏุง', 'ุงุฑุชุฌุงู', 'ุงูููุฑุงุก', 'ุจุฑุฏุงู', 'ู', 'ููุฑุง']",[],[]
1059139136949571585,@vxvxq11,#ุงูุทุงุฑ_ุงููููุช ูุจ ุงูุจุฑุงุฏ ูุฒุงู ุฌู ุงูููุงุดูุช ูุงูุจุงู ูุทุฑุจ ูู ูุงูุจ ูุณูุงุณ ูุงุนุงุดู ุงููุฌูุงุณ ูู ุฏุงุฎู ุงูุจูุช ุณุฌ ุงููุฏู ูุงุนุงุฏ ูุงูุจูุช ูุฌููุงุณ https://t.co/tmrTmn1V8m,ไธๅ1:43 ยท 2018ๅนด11ๆ5ๆฅ,Kuwait_floods_18,[],['#ุงูุทุงุฑ_ุงููููุช'],['https://t.co/tmrTmn1V8m'],"['ูุจ', 'ุงูุจุฑุงุฏ', 'ูุฒุงู', 'ุฌู', 'ุงูููุงุดูุช', 'ูุงูุจุงู', 'ูุทุฑุจ', 'ูู', 'ูุงูุจ', 'ูุณูุงุณ', 'ูุงุนุงุดู', 'ุงููุฌูุงุณ', 'ูู', 'ุฏุงุฎู', 'ุงูุจูุช', 'ุณุฌ', 'ุงููุฏู', 'ูุงุนุงุฏ', 'ูุงูุจูุช', 'ูุฌููุงุณ']",2018-11-05 01:43:00,"['ูุจ', 'ุงูุจุฑุงุฏ', 'ูุฒุงู', 'ุฌู', 'ุงูููุงุดูุช', 'ู', 'ุงูุจุงู', 'ูุทุฑุจ', 'ูู', 'ูุงูุจ', 'ูุณูุงุณ', 'ูุงุนุงุดู', 'ุงููุฌูุงุณ', 'ูู', 'ุฏุงุฎู', 'ุงูุจูุช', 'ุณุฌ', 'ุงููุฏู', 'ูุงุนุงุฏ', 'ูุงูุจูุช', 'ูุฌููุงุณ']",['ุฌู ุงูููุงุดูุช'],[]
1059149473128108033,@3loo0ooya,#ุงูุทุงุฑ_ุงููููุช ุฏุนูุช ูู ูุงูุฏููุง ุฌูุงู .. ุชุธู ุจูุณุงู ูุงูุฏููุง ูุทุฑ ุ!๐ง๐,ไธๅ2:24 ยท 2018ๅนด11ๆ5ๆฅ,Kuwait_floods_18,[],['#ุงูุทุงุฑ_ุงููููุช'],[],"['ุฏุนูุช', 'ูู', 'ูุงูุฏููุง', 'ุฌูุงู', '', 'ุชุธู', 'ุจูุณุงู', 'ูุงูุฏููุง', 'ูุทุฑ', 'ุ!๐ง๐']",2018-11-05 02:24:00,"['ุฏุนูุช', 'ูู', 'ูุงูุฏููุง', 'ุฌูุงู', 'ุชุธู', 'ุจ', 'ูุณุงู', 'ู', 'ุงูุฏููุง', 'ูุทุฑ']",[],[]
1059165766862409730,@Falcon_kuw,ุนุณู ุงููุทุฑ ูุบุณู ูููุจ ุงููุฎุงููู ูู ููููุง ุ ูู ุบูููุงุ ูู ูุฏุฑูุง ุ ูููุทุฑ ุนูู ุงููู ูุงููุจูุฑ ุงููุบุงููู ูู ูุฒูุฉู ูุณุจู ุุุ ุจุฑุฏูุง ุฑุนุฏูุง โ๐ป๏ธ๐ง #ุตูุช_ุงููุทุฑ #ุงูุทุงุฑ_ุงููููุช,ไธๅ3:29 ยท 2018ๅนด11ๆ5ๆฅ,Kuwait_floods_18,[],"['#ุตูุช_ุงููุทุฑ', '#ุงูุทุงุฑ_ุงููููุช']",[],"['ุนุณู', 'ุงููุทุฑ', 'ูุบุณู', 'ูููุจ', 'ุงููุฎุงููู', 'ูู', 'ููููุง', 'ุ', 'ูู', 'ุบูููุงุ', 'ูู', 'ูุฏุฑูุง', 'ุ', 'ูููุทุฑ', 'ุนูู', 'ุงููู', 'ูุงููุจูุฑ', 'ุงููุบุงููู', 'ูู', 'ูุฒูุฉู', 'ูุณุจู', 'ุุุ', 'ุจุฑุฏูุง', 'ุฑุนุฏูุง', 'โ๐ป๏ธ๐ง']",2018-11-05 03:29:00,"['ุนุณู', 'ุงููุทุฑ', 'ูุบุณู', 'ูููุจ', 'ุงููุฎุงููู', 'ูู', 'ููุฏ', 'ูุง', 'ูู', 'ุบูู', 'ูุง', 'ูู', 'ูุฏุฑ', 'ูุง', 'ู', 'ููุทุฑ', 'ุนูู', 'ุงููู', 'ู', 'ุงููุจูุฑ', 'ุงููุบุงููู', 'ูู', 'ูุฒูุฉ', 'ู', 'ูุณุจู', 'ุจุฑุฏ', 'ูุง', 'ุฑุนุฏ', 'ูุง', 'โ๐ป๏ธ๐ง']",[],[]
1059177015948070913,@Eng_Nawaf_7,#ุงูุทุงุฑ_ุงููููุช ูุทุฑ ูุบูู ููุณูุงุณู ููุง ุตุงูู ุจุงูุช ุฑุณูู ุงูุฒูู ุจูุฌู ุงููููุช,ไธๅ4:14 ยท 2018ๅนด11ๆ5ๆฅ,Kuwait_floods_18,[],['#ุงูุทุงุฑ_ุงููููุช'],[],"['ูุทุฑ', 'ูุบูู', 'ููุณูุงุณู', 'ููุง', 'ุตุงูู', 'ุจุงูุช', 'ุฑุณูู', 'ุงูุฒูู', 'ุจูุฌู', 'ุงููููุช']",2018-11-05 04:14:00,"['ูุทุฑ', 'ูุบูู', 'ููุณูุงุณู', 'ููุง', 'ุตุงูู', 'ุจุงูุช', 'ุฑุณูู', 'ุงูุฒูู', 'ุจ', 'ูุฌู', 'ุงููููุช']",['ุงููููุช'],[]
1059192791534854149,@ms_mxi,ุฏูุฑุชู ุงูููู ูู ุนูููู ุฎูุงุงู ุญุถููุงุง ุบูู ูุณูุงููููุงุง ูุทุฑ..ุ #ุงูุทุงุฑ_ุงููููุช,ไธๅ5:16 ยท 2018ๅนด11ๆ5ๆฅ,Kuwait_floods_18,[],['#ุงูุทุงุฑ_ุงููููุช'],[],"['ุฏูุฑุชู', 'ุงูููู', 'ูู', 'ุนูููู', 'ุฎูุงุงู', 'ุญุถููุงุง', 'ุบูู', 'ูุณูุงููููุงุง', 'ูุทุฑ..ุ']",2018-11-05 05:16:00,"['ุฏูุฑุชู', 'ุงูููู', 'ูู', 'ุนูููู', 'ุฎูุงุงู', 'ุญุถู', 'ูุง', 'ุบูู', 'ู', 'ุณูุงููู', 'ูุง', 'ูุทุฑ']",[],[]
1059459059546492928,@FahidGmbazi,#ุงูุทุงุฑ_ุงููููุช ุญู ุงููู ุงููู ูุดุชุช ุถููุชู ุตููุชู ุฌุนููู ูุฏุง ุงูุตูุชู ู ุงูุจุญู ูุฑุงุนููุข,ไธๅ10:54 ยท 2018ๅนด11ๆ5ๆฅ,Kuwait_floods_18,[],['#ุงูุทุงุฑ_ุงููููุช'],[],"['ุญู', 'ุงููู', 'ุงููู', 'ูุดุชุช', 'ุถููุชู', 'ุตููุชู', 'ุฌุนููู', 'ูุฏุง', 'ุงูุตูุชู', 'ู', 'ุงูุจุญู', 'ูุฑุงุนููุข']",2018-11-05 22:54:00,"['ุญู', 'ุงููู', 'ุงููู', 'ูุดุชุช', 'ุถููุฉ', 'ู', 'ุตูุฉ', 'ู', 'ุฌุนููู', 'ูุฏุง', 'ุงูุตูุชู', 'ู', 'ุงูุจุญู', 'ูุฑุงุนููุข']",['ุญู ุงููู'],[]
1059488432551014401,@Almajlliss,ููุฏูู / #ุฃูุทุงุฑ_ุงููููุช ุชูุชุญู ุจูุช ูู ุงูุตููุจูุฉ. https://t.co/y6HI3uCAfw,ไธๅ12:51 ยท 2018ๅนด11ๆ6ๆฅ,Kuwait_floods_18,[],['#ุฃูุทุงุฑ_ุงููููุช'],['https://t.co/y6HI3uCAfw'],"['ููุฏูู', '/', 'ุชูุชุญู', 'ุจูุช', 'ูู', 'ุงูุตููุจูุฉ']",2018-11-06 00:51:00,"['ููุฏูู', 'ุชูุชุญู', 'ุจูุช', 'ูู', 'ุงูุตููุจูุฉ']",['ุงูุตููุจูุฉ'],[]
1059516914890883072,@Kuniv_F,ููุง ุจูุงุช ... ุงูุบูู ุ ูุงูุชู ุจูุงุช ุงููุงุณ ! ุงูุฌูุฑุง ุชูุทุฑ ุฎูุฑ ๐ ูุงุญุณุงุณูุง ุงุญุณุงุณ ูุงูุฌูุฑุง ุฏุงูู ุบูุฑ ุ ุชุญูุง ุจูุง ุงูุงููุงุณ !โค๏ธ #ุงูุฌูุฑุง #ุงูุทุงุฑ_ุงููููุช #ูุชุดุงุฆููุงุช,ไธๅ2:44 ยท 2018ๅนด11ๆ6ๆฅ,Kuwait_floods_18,[],"['#ุงูุฌูุฑุง', '#ุงูุทุงุฑ_ุงููููุช', '#ูุชุดุงุฆููุงุช']",[],"['ููุง', 'ุจูุงุช', '', 'ุงูุบูู', 'ุ', 'ูุงูุชู', 'ุจูุงุช', 'ุงููุงุณ', '', 'ุงูุฌูุฑุง', 'ุชูุทุฑ', 'ุฎูุฑ', '๐', 'ูุงุญุณุงุณูุง', 'ุงุญุณุงุณ', 'ูุงูุฌูุฑุง', 'ุฏุงูู', 'ุบูุฑ', 'ุ', 'ุชุญูุง', 'ุจูุง', 'ุงูุงููุงุณ', 'โค๏ธ']",2018-11-06 02:44:00,"['ููุง', 'ุจูุงุช', 'ุงูุบูู', 'ู', 'ุงูุชู', 'ุจูุงุช', 'ุงููุงุณ', 'ุงูุฌูุฑุง', 'ุชูุทุฑ', 'ุฎูุฑ', '๐', 'ู', 'ุฅุญุณุงุณ', 'ูุง', 'ุงุญุณุงุณ', 'ู', 'ุงูุฌูุฑุง', 'ุฏุงูู', 'ุบูุฑ', 'ุชุญูุง', 'ุจ', 'ูุง', 'ุงูุงููุงุณ']",[],[]
1059598452861100032,@Nayef_Alooslb,#ุงูุทุงุฑ_ุงููููุช ุงูููู ูู ุงูุญูุฏ ูุงูุดูุฑ ุงูููู ุณููุง ุฑุญูู ูุง ุณููุง ุนุฐุงุจ,ไธๅ8:08 ยท 2018ๅนด11ๆ6ๆฅ,Kuwait_floods_18,[],['#ุงูุทุงุฑ_ุงููููุช'],[],"['ุงูููู', 'ูู', 'ุงูุญูุฏ', 'ูุงูุดูุฑ', 'ุงูููู', 'ุณููุง', 'ุฑุญูู', 'ูุง', 'ุณููุง', 'ุนุฐุงุจ']",2018-11-06 08:08:00,"['ุงูููู', 'ูู', 'ุงูุญูุฏ', 'ู', 'ุงูุดูุฑ', 'ุงูููู', 'ุณููุง', 'ุฑุญู', 'ู', 'ูุง', 'ุณููุง', 'ุนุฐุงุจ']",[],[]
1059601222280400896,@breakingkwt,ุงุฑูุงู ุงูุทูุงุฑุฆ ูู ุฏููุฉ ุงููููุช: ุงูุดุฑุทุฉ ู ุงูุฅุณุนุงู ู ุงููุทุงูุฆ 112 ุทูุงุฑุฆ ุงูููุฑุจุงุกูุงููุงุก 152 ูุฒุงุฑุฉ ุงูุตุญุฉ 151 ูุฒุงุฑุฉ ุงูุฃุดุบุงู 150 ุจูุฏูุฉ ุงููููุช 139 #ุงูุทุงุฑ_ุงููููุช,ไธๅ8:19 ยท 2018ๅนด11ๆ6ๆฅ,Kuwait_floods_18,[],['#ุงูุทุงุฑ_ุงููููุช'],[],"['ุงุฑูุงู', 'ุงูุทูุงุฑุฆ', 'ูู', 'ุฏููุฉ', 'ุงููููุช:', 'ุงูุดุฑุทุฉ', 'ู', 'ุงูุฅุณุนุงู', 'ู', 'ุงููุทุงูุฆ', '112', 'ุทูุงุฑุฆ', 'ุงูููุฑุจุงุกูุงููุงุก', '152', 'ูุฒุงุฑุฉ', 'ุงูุตุญุฉ', '151', 'ูุฒุงุฑุฉ', 'ุงูุฃุดุบุงู', '150', 'ุจูุฏูุฉ', 'ุงููููุช', '139']",2018-11-06 08:19:00,"['ุงุฑูุงู', 'ุงูุทูุงุฑุฆ', 'ูู', 'ุฏููุฉ', 'ุงููููุช', 'ุงูุดุฑุทุฉ', 'ู', 'ุงูุฅุณุนุงู', 'ู', 'ุงููุทุงูุฆ', '112', 'ุทูุงุฑุฆ', 'ุงูููุฑุจุงุกูุงููุงุก', '152', 'ูุฒุงุฑุฉ', 'ุงูุตุญุฉ', '151', 'ูุฒุงุฑุฉ', 'ุงูุฃุดุบุงู', '150', 'ุจูุฏูุฉ', 'ุงููููุช', '139']","['ุงููููุช', 'ุงููููุช']",[]
1059603537062232065,@mobashernewss,ุงุฑูุงู ุงูุทูุงุฑุฆ ุงูุดุฑุทุฉ ู ุงูุฅุณุนุงู ู ุงูุงุทูุงุก 112 ุทูุงุฑุฆ ููุฑุจุงุก ูุงููุงุก 152 ุงูุงุดุบุงู 150 ูุจูุฏูุฉ ุงููููุช 139 ูุฒุงุฑุฉ ุงูุตุญุฉ 151 ูุทุงุฑ ุงููููุช 161 #ุงูุทุงุฑ_ุงููููุช #ุณููู_ุงููููุช,ไธๅ8:29 ยท 2018ๅนด11ๆ6ๆฅ,Kuwait_floods_18,[],"['#ุงูุทุงุฑ_ุงููููุช', '#ุณููู_ุงููููุช']",[],"['ุงุฑูุงู', 'ุงูุทูุงุฑุฆ', 'ุงูุดุฑุทุฉ', 'ู', 'ุงูุฅุณุนุงู', 'ู', 'ุงูุงุทูุงุก', '112', 'ุทูุงุฑุฆ', 'ููุฑุจุงุก', 'ูุงููุงุก', '152', 'ุงูุงุดุบุงู', '150', 'ูุจูุฏูุฉ', 'ุงููููุช', '139', 'ูุฒุงุฑุฉ', 'ุงูุตุญุฉ', '151', 'ูุทุงุฑ', 'ุงููููุช', '161']",2018-11-06 08:29:00,"['ุงุฑูุงู', 'ุงูุทูุงุฑุฆ', 'ุงูุดุฑุทุฉ', 'ู', 'ุงูุฅุณุนุงู', 'ู', 'ุงูุงุทูุงุก', '112', 'ุทูุงุฑุฆ', 'ููุฑุจุงุก', 'ู', 'ุงููุงุก', '152', 'ุงูุงุดุบุงู', '150', 'ู', 'ุจูุฏูุฉ', 'ุงููููุช', '139', 'ูุฒุงุฑุฉ', 'ุงูุตุญุฉ', '151', 'ูุทุงุฑ', 'ุงููููุช', '161']","['ุงููููุช', 'ูุทุงุฑ ุงููููุช']",[]
1059604807584022530,@al3needa_25,#ุตูุช_ุงูุฑุนุฏ #ุตูุช_ุงููุทุฑ #ุงูุทุงุฑ_ุงููููุช . ุงูุงุดุฏ ูุฒูุฑ ุงูุชุฑุจูู ุจุชุนุทูู ุงููุฏุงุฑุณ ููุทูุจู ูุงููุนูููู ุฌุฏ ูุงูุนูู ูุงูู ุงุญูุงู ุงููุจุงูู ุงุฐุง ุงูุจููุช ุชุณุฑุจุช ูุงูููุฑุจุง ุทูุช ููู ุงููุฏุงุฑุณ &amp;gt;&amp;gt;&amp;gt;&amp;gt;ุงูุญูุฏููู ูู ุงุฌุงุฒู ๐,ไธๅ8:34 ยท 2018ๅนด11ๆ6ๆฅ,Kuwait_floods_18,[],"['#ุตูุช_ุงูุฑุนุฏ', '#ุตูุช_ุงููุทุฑ', '#ุงูุทุงุฑ_ุงููููุช']",[],"['', 'ุงูุงุดุฏ', 'ูุฒูุฑ', 'ุงูุชุฑุจูู', 'ุจุชุนุทูู', 'ุงููุฏุงุฑุณ', 'ููุทูุจู', 'ูุงููุนูููู', 'ุฌุฏ', 'ูุงูุนูู', 'ูุงูู', 'ุงุญูุงู', 'ุงููุจุงูู', 'ุงุฐุง', 'ุงูุจููุช', 'ุชุณุฑุจุช', 'ูุงูููุฑุจุง', 'ุทูุช', 'ููู', 'ุงููุฏุงุฑุณ', '&amp;gt;&amp;gt;&amp;gt;&amp;gt;ุงูุญูุฏููู', 'ูู', 'ุงุฌุงุฒู', '๐']",2018-11-06 08:34:00,"['ุงูุงุดุฏ', 'ูุฒูุฑ', 'ุงูุชุฑุจูู', 'ุจ', 'ุชุนุทูู', 'ุงููุฏุงุฑุณ', 'ู', 'ุงูุทูุจ', 'ู', 'ู', 'ุงููุนูููู', 'ุฌุฏ', 'ู', 'ุฃูุนูู', 'ูุงูู', 'ุงุญูุงู', 'ุงููุจุงูู', 'ุงุฐุง', 'ุงูุจููุช', 'ุชุณุฑุจุช', 'ู', 'ุงูููุฑุจุง', 'ุทูุช', 'ููู', 'ุงููุฏุงุฑุณ', '&a', 'm', 'p;gt;&a', 'm', 'p', 'gt;&a', 'm', 'p', 'g', 't;&a', 'p', 'g', 'ุฏุงูุญุฏุฏูู', 'ู', 'ูู', 'ุฅุฌุงุฒ', 'ู']",[],[]
1059604807059718144,@naharkw,ุจุงูููุฏูู - ุฃูุทุงุฑ ุบุฒูุฑุฉ ูุจุฑู ูุฑุนุฏ ูู ููุทูุฉ #ูุฏูุฉ #ุงูุทุงุฑ_ุงููููุช https://t.co/Poxn4PeSqc,ไธๅ8:34 ยท 2018ๅนด11ๆ6ๆฅ,Kuwait_floods_18,[],"['#ูุฏูุฉ', '#ุงูุทุงุฑ_ุงููููุช']",['https://t.co/Poxn4PeSqc'],"['ุจุงูููุฏูู', '-', 'ุฃูุทุงุฑ', 'ุบุฒูุฑุฉ', 'ูุจุฑู', 'ูุฑุนุฏ', 'ูู', 'ููุทูุฉ']",2018-11-06 08:34:00,"['ุจุงูููุฏูู', 'ุฃูุทุงุฑ', 'ุบุฒูุฑุฉ', 'ู', 'ุจุฑู', 'ู', 'ุฑุนุฏ', 'ูู', 'ููุทูุฉ']",[],[]
1059605291786997761,@naharkw,#ููุฏูู ูู ุฃุญุฏ ุดูุงุฑุน ููุทูุฉ ุญููู #ุงูุทุงุฑ_ุงููููุช https://t.co/o3CyaNkBrx,ไธๅ8:36 ยท 2018ๅนด11ๆ6ๆฅ,Kuwait_floods_18,[],"['#ููุฏูู', '#ุงูุทุงุฑ_ุงููููุช']",['https://t.co/o3CyaNkBrx'],"['ูู', 'ุฃุญุฏ', 'ุดูุงุฑุน', 'ููุทูุฉ', 'ุญููู']",2018-11-06 08:36:00,"['ูู', 'ุฃุญุฏ', 'ุดูุงุฑุน', 'ููุทูุฉ', 'ุญููู']",[],[]
1059605537548046336,@Alafasy,ุงูููู ุงุฌุนูู ูุงูุนุงู ุบูุฑ ุถุงุฑ ๐คฒ #ุฃูุทุงุฑ_ุงููููุช,ไธๅ8:37 ยท 2018ๅนด11ๆ6ๆฅ,Kuwait_floods_18,[],['#ุฃูุทุงุฑ_ุงููููุช'],[],"['ุงูููู', 'ุงุฌุนูู', 'ูุงูุนุงู', 'ุบูุฑ', 'ุถุงุฑ', '๐คฒ']",2018-11-06 08:37:00,"['ุงูููู', 'ุฃุฌุนู', 'ู', 'ูุงูุนุงู', 'ุบูุฑ', 'ุถุงุฑ']",[],[]
1059607677226176512,@ALHAJRY_Q8,#ุงูุทุงุฑ_ุงููููุช ุบุฑูุฉ ุงูุนุงุด ูู ุงุญุฏ ุงููุณุชุดููุงุช ุชุญููุช ุงูู ุฌุงููุฒู https://t.co/xk1hANey46,ไธๅ8:45 ยท 2018ๅนด11ๆ6ๆฅ,Kuwait_floods_18,[],['#ุงูุทุงุฑ_ุงููููุช'],['https://t.co/xk1hANey46'],"['ุบุฑูุฉ', 'ุงูุนุงุด', 'ูู', 'ุงุญุฏ', 'ุงููุณุชุดููุงุช', 'ุชุญููุช', 'ุงูู', 'ุฌุงููุฒู']",2018-11-06 08:45:00,"['ุบุฑูุฉ', 'ุงูุนุงุด', 'ูู', 'ุงุญุฏ', 'ุงููุณุชุดููุงุช', 'ุชุญููุช', 'ุงูู', 'ุฌุงููุฒู']",['ุฌุงููุฒู'],[]
1059609284542115840,@mobashernewss,.... ุบููููููุฑู #ุงูุทุงุฑ_ุงููููุช #ุณููู_ุงููููุช #ุงููููุช_ุชุบุฑู #ุตูุช_ุงููุทุฑ #ููุฏูู_ูุจุงุดุฑ_ูููุฒ https://t.co/R14UqsP8hU,ไธๅ8:51 ยท 2018ๅนด11ๆ6ๆฅ,Kuwait_floods_18,[],"['#ุงูุทุงุฑ_ุงููููุช', '#ุณููู_ุงููููุช', '#ุงููููุช_ุชุบุฑู', '#ุตูุช_ุงููุทุฑ', '#ููุฏูู_ูุจุงุดุฑ_ูููุฒ']",['https://t.co/R14UqsP8hU'],"['', 'ุบููููููุฑู']",2018-11-06 08:51:00,['ุบููููููุฑู'],[],[]
1059609310853058560,@M_Almasri,ุจุนุฏ ูุงูุบุฑูู ูุฏู ุงุนุฑู ูุฐุง ูุงู ุชุตุฑูุญ ููููุงุทููู ููุง ุณุคุงู ุ! #ุงููููุช #ุฃูุทุงุฑ_ุงููููุช,ไธๅ8:52 ยท 2018ๅนด11ๆ6ๆฅ,Kuwait_floods_18,[],"['#ุงููููุช', '#ุฃูุทุงุฑ_ุงููููุช']",[],"['ุจุนุฏ', 'ูุงูุบุฑูู', 'ูุฏู', 'ุงุนุฑู', 'ูุฐุง', 'ูุงู', 'ุชุตุฑูุญ', 'ููููุงุทููู', 'ููุง', 'ุณุคุงู', 'ุ']",2018-11-06 08:52:00,"['ุจุนุฏ', 'ูุงูุบุฑู', 'ู', 'ูุฏู', 'ุงุนุฑู', 'ูุฐุง', 'ูุงู', 'ุชุตุฑูุญ', 'ู', 'ุงูููุงุทููู', 'ู', 'ูุง', 'ุณุคุงู']",[],[]
1059609422509604864,@aldrwaza,ุงูููู ุงุญูุธ ุงููููุช ูุงุฌุนููุง ุงูุทุงุฑ ุฑุญูู ูุจุฑูู ุงูููู ุงุญูุธูุง ูุงุญูุธ ุงููููุช ูุดุนุจูุง ูู ูู ููุฑูู. #ุงูุทุงุฑ_ุงููููุช #ุงููููุช_ุชุบุฑู,ไธๅ8:52 ยท 2018ๅนด11ๆ6ๆฅ,Kuwait_floods_18,[],"['#ุงูุทุงุฑ_ุงููููุช', '#ุงููููุช_ุชุบุฑู']",[],"['ุงูููู', 'ุงุญูุธ', 'ุงููููุช', 'ูุงุฌุนููุง', 'ุงูุทุงุฑ', 'ุฑุญูู', 'ูุจุฑูู', 'ุงูููู', 'ุงุญูุธูุง', 'ูุงุญูุธ', 'ุงููููุช', 'ูุดุนุจูุง', 'ูู', 'ูู', 'ููุฑูู']",2018-11-06 08:52:00,"['ุงูููู', 'ุงุญูุธ', 'ุงููููุช', 'ู', 'ุฃุฌุนู', 'ูุง', 'ุงูุทุงุฑ', 'ุฑุญู', 'ู', 'ู', 'ุจุฑู', 'ู', 'ุงูููู', 'ุฃุญูุธ', 'ูุง', 'ู', 'ุฃุญูุธ', 'ุงููููุช', 'ู', 'ุดุนุจ', 'ูุง', 'ูู', 'ูู', 'ููุฑูู']","['ุงููููุช', 'ุงููููุช']",[]
1059611347963572229,@naharkw,ููุฏูู ูุชุฏุงูู - ุงููุงููุฑุง ุงููุฑูุฑูุฉ ูู ููู #ุงููููู ุชูุชูุท ุตูุฑุงู ุนุดูุงุฆูุฉ ุจุนุฏ ุฅุตุงุจุชูุง ุจุนุทู ุจุณุจุจ ุงูุฃูุทุงุฑ ุงูุบุฒูุฑุฉ #ุงูุทุงุฑ_ุงููููุช #ุตูุช_ุงูุฑุนุฏ https://t.co/lUz3FjTlFx,ไธๅ9:00 ยท 2018ๅนด11ๆ6ๆฅ,Kuwait_floods_18,[],"['#ุงููููู', '#ุงูุทุงุฑ_ุงููููุช', '#ุตูุช_ุงูุฑุนุฏ']",['https://t.co/lUz3FjTlFx'],"['ููุฏูู', 'ูุชุฏุงูู', '-', 'ุงููุงููุฑุง', 'ุงููุฑูุฑูุฉ', 'ูู', 'ููู', 'ุชูุชูุท', 'ุตูุฑุงู', 'ุนุดูุงุฆูุฉ', 'ุจุนุฏ', 'ุฅุตุงุจุชูุง', 'ุจุนุทู', 'ุจุณุจุจ', 'ุงูุฃูุทุงุฑ', 'ุงูุบุฒูุฑุฉ']",2018-11-06 09:00:00,"['ููุฏูู', 'ูุชุฏุงูู', 'ุงููุงููุฑุง', 'ุงููุฑูุฑูุฉ', 'ูู', 'ููู', 'ุชูุชูุท', 'ุตูุฑุงู', 'ุนุดูุงุฆูุฉ', 'ุจุนุฏ', 'ุฅุตุงุจุฉ', 'ูุง', 'ุจ', 'ุนุทู', 'ุจ', 'ุณุจุจ', 'ุงูุฃูุทุงุฑ', 'ุงูุบุฒูุฑุฉ']",[],[]
1059614738907324416,@balasfar,ูุณุงุฏูู ูุง ุชุดููู ุงูุจูุงููุน #ุงููููุช_ุชุบุฑู #ุงูุทุงุฑ_ุงููููุช,ไธๅ9:13 ยท 2018ๅนด11ๆ6ๆฅ,Kuwait_floods_18,[],"['#ุงููููุช_ุชุบุฑู', '#ุงูุทุงุฑ_ุงููููุช']",[],"['ูุณุงุฏูู', 'ูุง', 'ุชุดููู', 'ุงูุจูุงููุน']",2018-11-06 09:13:00,"['ูุณุงุฏ', 'ูู', 'ูุง', 'ุชุดูู', 'ู', 'ุงูุจูุงููุน']",[],[]
1059614814715158529,@aaff10011,ุฃูุดุฑูุง ุบูุฑู ูุญุชุงุฌูุง ูููุณุงุนุฏุฉ ุงุฑูุงู ุงูุทูุงุฑุฆ ูู ุฏููุฉ ุงููููุช . ุงูุดุฑุทุฉ ู ุงูุฅุณุนุงู ู ุงููุทุงูุฆ 112 ุทูุงุฑุฆ ุงูููุฑุจุงุกูุงููุงุก 152 ูุฒุงุฑุฉ ุงูุตุญุฉ 151 ูุฒุงุฑุฉ ุงูุฃุดุบุงู 150 ุจูุฏูุฉ ุงููููุช 139 #ุงูุทุงุฑ_ุงููููุช 161 https://t.co/C3wquG1ngo,ไธๅ9:13 ยท 2018ๅนด11ๆ6ๆฅ,Kuwait_floods_18,[],['#ุงูุทุงุฑ_ุงููููุช'],['https://t.co/C3wquG1ngo'],"['ุฃูุดุฑูุง', 'ุบูุฑู', 'ูุญุชุงุฌูุง', 'ูููุณุงุนุฏุฉ', 'ุงุฑูุงู', 'ุงูุทูุงุฑุฆ', 'ูู', 'ุฏููุฉ', 'ุงููููุช', '', 'ุงูุดุฑุทุฉ', 'ู', 'ุงูุฅุณุนุงู', 'ู', 'ุงููุทุงูุฆ', '112', 'ุทูุงุฑุฆ', 'ุงูููุฑุจุงุกูุงููุงุก', '152', 'ูุฒุงุฑุฉ', 'ุงูุตุญุฉ', '151', 'ูุฒุงุฑุฉ', 'ุงูุฃุดุบุงู', '150', 'ุจูุฏูุฉ', 'ุงููููุช', '139', '161']",2018-11-06 09:13:00,"['ุฃูุดุฑ', 'ูุง', 'ุบูุฑู', 'ูุญุชุงุฌ', 'ูุง', 'ู', 'ุงููุณุงุนุฏุฉ', 'ุงุฑูุงู', 'ุงูุทูุงุฑุฆ', 'ูู', 'ุฏููุฉ', 'ุงููููุช', 'ุงูุดุฑุทุฉ', 'ู', 'ุงูุฅุณุนุงู', 'ู', 'ุงููุทุงูุฆ', '112', 'ุทูุงุฑุฆ', 'ุงูููุฑุจุงุกูุงููุงุก', '152', 'ูุฒุงุฑุฉ', 'ุงูุตุญุฉ', '151', 'ูุฒุงุฑุฉ', 'ุงูุฃุดุบุงู', '150', 'ุจูุฏูุฉ', 'ุงููููุช', '139', '161']","['ุงููููุช', 'ุงููููุช']",[]
1059617413510127618,@mobashernewss,ูุณุชุดูู ุงููุฑูุงููุฉ .. ุบุฑูุงู ! #ุตูุช_ุงููุทุฑ #ุตูุช_ุงูุฑุนุฏ #ุงูุทุงุฑ_ุงููููุช #ุงููููุช_ุชุบุฑู https://t.co/6GZyEkjK00,ไธๅ9:24 ยท 2018ๅนด11ๆ6ๆฅ,Kuwait_floods_18,[],"['#ุตูุช_ุงููุทุฑ', '#ุตูุช_ุงูุฑุนุฏ', '#ุงูุทุงุฑ_ุงููููุช', '#ุงููููุช_ุชุบุฑู']",['https://t.co/6GZyEkjK00'],"['ูุณุชุดูู', 'ุงููุฑูุงููุฉ', '', 'ุบุฑูุงู', '']",2018-11-06 09:24:00,"['ูุณุชุดูู', 'ุงููุฑูุงููุฉ', 'ุบุฑูุงู']",['ูุณุชุดูู ุงููุฑูุงููุฉ  ุบุฑูุงู'],[]
1059622116214145024,@emadaloqab89,ุงูู ุญุตู ุงูููู ุงูุฐุงุฑ ุดุฏูุฏ ุงูููุฌุฉ ุงูู ูู ูุงุณุฏ ููู ูุฎุงุฏุน ููู ุณุงุฑู ูููุงู ุงูุนุงู ููู ุงูู ููุง ูุงุชุถุญ ุงููุณุงุฏ ูุณุฑูุงุช ุงููุดุงุฑูุน ููุงูู ูุถุญูู ูุทุฑ ุงูุฎูุฑ #ุตูุช_ุงูุฑุนุฏ #ุงูุทุงุฑ_ุงููููุช,ไธๅ9:42 ยท 2018ๅนด11ๆ6ๆฅ,Kuwait_floods_18,[],"['#ุตูุช_ุงูุฑุนุฏ', '#ุงูุทุงุฑ_ุงููููุช']",[],"['ุงูู', 'ุญุตู', 'ุงูููู', 'ุงูุฐุงุฑ', 'ุดุฏูุฏ', 'ุงูููุฌุฉ', 'ุงูู', 'ูู', 'ูุงุณุฏ', 'ููู', 'ูุฎุงุฏุน', 'ููู', 'ุณุงุฑู', 'ูููุงู', 'ุงูุนุงู', 'ููู', 'ุงูู', 'ููุง', 'ูุงุชุถุญ', 'ุงููุณุงุฏ', 'ูุณุฑูุงุช', 'ุงููุดุงุฑูุน', 'ููุงูู', 'ูุถุญูู', 'ูุทุฑ', 'ุงูุฎูุฑ']",2018-11-06 09:42:00,"['ุงูู', 'ุญุตู', 'ุงูููู', 'ุงูุฐุงุฑ', 'ุดุฏูุฏ', 'ุงูููุฌุฉ', 'ุงูู', 'ูู', 'ูุงุณุฏ', 'ู', 'ูู', 'ูุฎุงุฏุน', 'ู', 'ูู', 'ุณุงุฑู', 'ู', 'ุงููุงู', 'ุงูุนุงู', 'ููู', 'ุงูู', 'ููุง', 'ู', 'ุงุชุถุญ', 'ุงููุณุงุฏ', 'ู', 'ุณุฑูุงุช', 'ุงููุดุงุฑูุน', 'ููุง', 'ูู', 'ูุถุญ', 'ูู', 'ูุทุฑ', 'ุงูุฎูุฑ']",[],[]
1059630673089228800,@BaderALhjraF,ูุฐุง ุงูููุงุทู ุงููุญูุฏ ุงูููู ูุญู ูู ุฃู ูุทุฑุญ ุงูุซูุฉ ุจู ูุฒูุฑ ุงูุฃุดุบุงู #ุงูุทุงุฑ_ุงููููุช #ุงููููุช_ุชุบุฑู https://t.co/i0B1GjQj1M,ไธๅ10:16 ยท 2018ๅนด11ๆ6ๆฅ,Kuwait_floods_18,[],"['#ุงูุทุงุฑ_ุงููููุช', '#ุงููููุช_ุชุบุฑู']",['https://t.co/i0B1GjQj1M'],"['ูุฐุง', 'ุงูููุงุทู', 'ุงููุญูุฏ', 'ุงูููู', 'ูุญู', 'ูู', 'ุฃู', 'ูุทุฑุญ', 'ุงูุซูุฉ', 'ุจู', 'ูุฒูุฑ', 'ุงูุฃุดุบุงู']",2018-11-06 10:16:00,"['ูุฐุง', 'ุงูููุงุทู', 'ุงููุญูุฏ', 'ุงูููู', 'ูุญู', 'ู', 'ู', 'ุฃู', 'ูุทุฑุญ', 'ุงูุซูุฉ', 'ุจู', 'ูุฒูุฑ', 'ุงูุฃุดุบุงู']",[],[]
1059632568805609474,@k7ilan_q8,ุงุฑูุงู ุงูุทูุงุฑุฆ ูู ุงููููุช : ุงููุทุงูู ุงูุฅุณุนุงู ู ุงูุดุฑุทู 112 ุทูุงุฑุฆ ุงูููุฑุจุงุก ูุงููุงุก 152 ูุฒุงุฑุฉ ุงูุตุญุฉ 151 ูุฒุงุฑุฉ ุงูุฃุดุบุงู 150 ุจูุฏูุฉ ุงููููุช 139 #ุงูุทุงุฑ_ุงููููุช #ุงููููุช_ุชุบุฑู #ุฑุชููุช,ไธๅ10:24 ยท 2018ๅนด11ๆ6ๆฅ,Kuwait_floods_18,[],"['#ุงูุทุงุฑ_ุงููููุช', '#ุงููููุช_ุชุบุฑู', '#ุฑุชููุช']",[],"['ุงุฑูุงู', 'ุงูุทูุงุฑุฆ', 'ูู', 'ุงููููุช', ':', 'ุงููุทุงูู', 'ุงูุฅุณุนุงู', 'ู', 'ุงูุดุฑุทู', '112', 'ุทูุงุฑุฆ', 'ุงูููุฑุจุงุก', 'ูุงููุงุก', '152', 'ูุฒุงุฑุฉ', 'ุงูุตุญุฉ', '151', 'ูุฒุงุฑุฉ', 'ุงูุฃุดุบุงู', '150', 'ุจูุฏูุฉ', 'ุงููููุช', '139']",2018-11-06 10:24:00,"['ุงุฑูุงู', 'ุงูุทูุงุฑุฆ', 'ูู', 'ุงููููุช', 'ุงููุทุงูู', 'ุงูุฅุณุนุงู', 'ู', 'ุงูุดุฑุทู', '112', 'ุทูุงุฑุฆ', 'ุงูููุฑุจุงุก', 'ู', 'ุงููุงุก', '152', 'ูุฒุงุฑุฉ', 'ุงูุตุญุฉ', '151', 'ูุฒุงุฑุฉ', 'ุงูุฃุดุบุงู', '150', 'ุจูุฏูุฉ', 'ุงููููุช', '139']","['ุงููููุช', 'ุงููููุช']",[]
1059641716188295168,@smaa282,ูุงุฃุฌูู #ุงููุฌุฑ ูุฑูุถุฉ ุชุฌุนูู ูู ุฐูุฉ ุงููู ุดุนุงุฆุฑูุง.. ุชุญูู ุงููููุจ ูู ุชูุงูุฉ ุงูุฅูุงู ุฎุดูุน ูู ูุฌูู ุงููุตููู ููุฑ ูู ุฃุซูู ุตูุงุฉ ุนูู ุงูููุงูููู ุฃุฌูุงุคูุง ุฑูุญุงููุฉ . ุจุฃุฌูุงุก ููุทุฑุฉ.. ุชุฑูู ุงูุฃุฌุณุงุฏ ูุจู ุงูุฃุฑุถ ููุณูุฉ ููุงุก ุจุงุฑุฏุฉ.. ูุชุนุด ุงูุจุฏู ุฎุณุฑ ูุซูุฑุง ูู ุญุฑู ุฃุฌุฑูุง .. ูุดุนุฑ ุจุฌูุงููุง #ุฃูุทุงุฑ_ุงููููุช #ุตูุช_ุงูุฑุนุฏ,ไธๅ11:00 ยท 2018ๅนด11ๆ6ๆฅ,Kuwait_floods_18,[],"['#ุงููุฌุฑ', '#ุฃูุทุงุฑ_ุงููููุช', '#ุตูุช_ุงูุฑุนุฏ']",[],"['ูุงุฃุฌูู', 'ูุฑูุถุฉ', 'ุชุฌุนูู', 'ูู', 'ุฐูุฉ', 'ุงููู', 'ุดุนุงุฆุฑูุง', 'ุชุญูู', 'ุงููููุจ', 'ูู', 'ุชูุงูุฉ', 'ุงูุฅูุงู', 'ุฎุดูุน', 'ูู', 'ูุฌูู', 'ุงููุตููู', 'ููุฑ', 'ูู', 'ุฃุซูู', 'ุตูุงุฉ', 'ุนูู', 'ุงูููุงูููู', 'ุฃุฌูุงุคูุง', 'ุฑูุญุงููุฉ', '', 'ุจุฃุฌูุงุก', 'ููุทุฑุฉ', 'ุชุฑูู', 'ุงูุฃุฌุณุงุฏ', 'ูุจู', 'ุงูุฃุฑุถ', 'ููุณูุฉ', 'ููุงุก', 'ุจุงุฑุฏุฉ', 'ูุชุนุด', 'ุงูุจุฏู', 'ุฎุณุฑ', 'ูุซูุฑุง', 'ูู', 'ุญุฑู', 'ุฃุฌุฑูุง', '', 'ูุดุนุฑ', 'ุจุฌูุงููุง']",2018-11-06 11:00:00,"['ูุงุฃุฌูู', 'ูุฑูุถุฉ', 'ุชุฌุนูู', 'ูู', 'ุฐูุฉ', 'ุงููู', 'ุดุนุงุฆุฑ', 'ูุง', 'ุชุญูู', 'ุงููููุจ', 'ูู', 'ุชูุงูุฉ', 'ุงูุฅูุงู', 'ุฎุดูุน', 'ูู', 'ูุฌูู', 'ุงููุตููู', 'ููุฑ', 'ูู', 'ุฃุซูู', 'ุตูุงุฉ', 'ุนูู', 'ุงูููุงูููู', 'ุฃุฌูุงุก', 'ูุง', 'ุฑูุญุงููุฉ', 'ุจ', 'ุฃุฌูุงุก', 'ููุทุฑุฉ', 'ุชุฑูู', 'ุงูุฃุฌุณุงุฏ', 'ูุจู', 'ุงูุฃุฑุถ', 'ู', 'ูุณูุฉ', 'ููุงุก', 'ุจุงุฑุฏุฉ', 'ูุชุนุด', 'ุงูุจุฏู', 'ุฎุณุฑ', 'ูุซูุฑุง', 'ูู', 'ุญุฑู', 'ุฃุฌุฑ', 'ูุง', 'ู', 'ุดุนุฑ', 'ุจ', 'ุฌูุงู', 'ูุง']",[],[]
1059656205843550208,@n_ku_fire,ูุดูุฑ ุฌููุน ุฑุฌุงู ุงูุฅุทูุงุก ููู ูุนูููู ููู ุทุงูุงุชูู ูู ููู ุงูุณ ุญุชู ุตุจุงุญ ุงูููู ุนูู ุฏูุฑูู ุงููุงู ูู ุญูุงูุฉ ุงูุฃุฑูุงุญ ูุงููุญุงูุธุฉ ุนูู ุงูููุชููุงุช ูููุง ูููููู ุจู ูู ุนูู ุฌุจุงุฑ ููุชููุฒ ูู ุงูุชูููู ูู ุงูุฎุณุงุฆุฑ ููุณุงุนุฏุฉ ุงูุขุฎุฑูู . #ุงูุทุงุฑ_ุงููููุช,ไธๅ11:58 ยท 2018ๅนด11ๆ6ๆฅ,Kuwait_floods_18,[],['#ุงูุทุงุฑ_ุงููููุช'],[],"['ูุดูุฑ', 'ุฌููุน', 'ุฑุฌุงู', 'ุงูุฅุทูุงุก', 'ููู', 'ูุนูููู', 'ููู', 'ุทุงูุงุชูู', 'ูู', 'ููู', 'ุงูุณ', 'ุญุชู', 'ุตุจุงุญ', 'ุงูููู', 'ุนูู', 'ุฏูุฑูู', 'ุงููุงู', 'ูู', 'ุญูุงูุฉ', 'ุงูุฃุฑูุงุญ', 'ูุงููุญุงูุธุฉ', 'ุนูู', 'ุงูููุชููุงุช', 'ูููุง', 'ูููููู', 'ุจู', 'ูู', 'ุนูู', 'ุฌุจุงุฑ', 'ููุชููุฒ', 'ูู', 'ุงูุชูููู', 'ูู', 'ุงูุฎุณุงุฆุฑ', 'ููุณุงุนุฏุฉ', 'ุงูุขุฎุฑูู', '']",2018-11-06 11:58:00,"['ูุดูุฑ', 'ุฌููุน', 'ุฑุฌุงู', 'ุงูุฅุทูุงุก', 'ู', 'ูู', 'ูุนูููู', 'ููู', 'ุทุงูุงุช', 'ูู', 'ูู', 'ููู', 'ุงูุณ', 'ุญุชู', 'ุตุจุงุญ', 'ุงูููู', 'ุนูู', 'ุฏูุฑ', 'ูู', 'ุงููุงู', 'ูู', 'ุญูุงูุฉ', 'ุงูุฃุฑูุงุญ', 'ู', 'ุงููุญุงูุธุฉ', 'ุนูู', 'ุงูููุชููุงุช', 'ู', 'ู', 'ูุง', 'ูููููู', 'ุจ', 'ู', 'ูู', 'ุนูู', 'ุฌุจุงุฑ', 'ู', 'ูุชููุฒ', 'ูู', 'ุงูุชูููู', 'ูู', 'ุงูุฎุณุงุฆุฑ', 'ู', 'ูุณุงุนุฏุฉ', 'ุงูุขุฎุฑูู']",[],[]
1059668984319090688,@khalejianews,ุตุจุงุญ ุงูููู. ุณููู #ุงูุทุงุฑ_ุงููููุช ุชุบุทู ูุนุธู ุดูุงุฑุน ุฏููุฉ #ุงููููุช https://t.co/XT0tBgBpta,ไธๅ12:49 ยท 2018ๅนด11ๆ6ๆฅ,Kuwait_floods_18,[],"['#ุงูุทุงุฑ_ุงููููุช', '#ุงููููุช']",['https://t.co/XT0tBgBpta'],"['ุตุจุงุญ', 'ุงูููู', 'ุณููู', 'ุชุบุทู', 'ูุนุธู', 'ุดูุงุฑุน', 'ุฏููุฉ']",2018-11-06 00:49:00,"['ุตุจุงุญ', 'ุงูููู', 'ุณููู', 'ุชุบุทู', 'ูุนุธู', 'ุดูุงุฑุน', 'ุฏููุฉ']",[],[]
1059677826826338305,@khalejianews,ุฅููุงุฐ ุณุงุฆู ุดุงุญูุฉ ุนุงููุฉ ูู ุฌุณุฑ ุงูุบุฒุงูู ูู ููู ุงูุฌุณุฑ !! #ุงูุทุงุฑ_ุงููููุช https://t.co/W5zAndQrUo,ไธๅ1:24 ยท 2018ๅนด11ๆ6ๆฅ,Kuwait_floods_18,[],['#ุงูุทุงุฑ_ุงููููุช'],['https://t.co/W5zAndQrUo'],"['ุฅููุงุฐ', 'ุณุงุฆู', 'ุดุงุญูุฉ', 'ุนุงููุฉ', 'ูู', 'ุฌุณุฑ', 'ุงูุบุฒุงูู', 'ูู', 'ููู', 'ุงูุฌุณุฑ', '']",2018-11-06 13:24:00,"['ุฅููุงุฐ', 'ุณุงุฆู', 'ุดุงุญูุฉ', 'ุนุงููุฉ', 'ูู', 'ุฌุณุฑ', 'ุงูุบุฒุงูู', 'ูู', 'ููู', 'ุงูุฌุณุฑ']",['ุฌุณุฑ ุงูุบุฒุงูู'],[]
1059680045525094401,@h_altabtabai,ุญูุงุฑ ูุงุชุณุจุงู . . ุณุคุงู ูุฒูููู : ุงูุฌุงูุนุฉ ุงูููู ูุนุทููุฉ ุฌูุงุจู : ูุนู ุญุงููุง ุญุงู ุงูุฏูุงุฆุฑ ุงูุญููููุฉ ุณุคุงูู : ููุฐุฉ ุงูุฏุฑุฌุฉ ุงููุถุน ุณูุก ุฌูุงุจ : ุงุฐุง ูู ูุตุฏู ....ุฑูุญ ุงูุงููููุฒ ุจุนุฏ ุณุงุนุฉ ูุดูู ุงููุงุณ . #ุงููููุช_ุชุบุฑู #ุงูุทุงุฑ_ุงููููุช,ไธๅ1:33 ยท 2018ๅนด11ๆ6ๆฅ,Kuwait_floods_18,[],"['#ุงููููุช_ุชุบุฑู', '#ุงูุทุงุฑ_ุงููููุช']",[],"['ุญูุงุฑ', 'ูุงุชุณุจุงู', '', '', 'ุณุคุงู', 'ูุฒูููู', ':', 'ุงูุฌุงูุนุฉ', 'ุงูููู', 'ูุนุทููุฉ', 'ุฌูุงุจู', ':', 'ูุนู', 'ุญุงููุง', 'ุญุงู', 'ุงูุฏูุงุฆุฑ', 'ุงูุญููููุฉ', 'ุณุคุงูู', ':', 'ููุฐุฉ', 'ุงูุฏุฑุฌุฉ', 'ุงููุถุน', 'ุณูุก', 'ุฌูุงุจ', ':', 'ุงุฐุง', 'ูู', 'ูุตุฏู', 'ุฑูุญ', 'ุงูุงููููุฒ', 'ุจุนุฏ', 'ุณุงุนุฉ', 'ูุดูู', 'ุงููุงุณ', '']",2018-11-06 13:33:00,"['ุญูุงุฑ', 'ู', 'ุงุชุณุจุงู', 'ุณุคุงู', 'ู', 'ุฒูููู', 'ุงูุฌุงูุนุฉ', 'ุงูููู', 'ูุนุทููุฉ', 'ุฌูุงุจ', 'ู', 'ูุนู', 'ุญุงู', 'ูุง', 'ุญุงู', 'ุงูุฏูุงุฆุฑ', 'ุงูุญููููุฉ', 'ุณุคุงูู', 'ู', 'ููฐุฐุฉ', 'ุงูุฏุฑุฌุฉ', 'ุงููุถุน', 'ุณูุก', 'ุฌูุงุจ', 'ุงุฐุง', 'ูู', 'ูุตุฏู', 'ุฑูุญ', 'ุงูุงููููุฒ', 'ุจุนุฏ', 'ุณุงุนุฉ', 'ู', 'ุดูู', 'ุงููุงุณ']",['ุงูุงููููุฒ'],[]
1059682584429559814,@Faiz_AlZal,. . ููุงุฐุง ูุงูุนุชุฑู ุจุนุถ ููุงุฏู ุงููุฒุงุฑุงุช ูู ุงูุฏููุฉ ุจูุดููู ุงูุฐุฑูุน ุญูููุง ูููุดู ุงููุณุชูุฑุ ููู ุณูุชุฎุฐ ูุฌูุณ ุงููุฒุฑุงุก ุงุฌุฑุงุกุงุช ุญูุงู ูุงุญุฏุซ ุฎูุงู ุณููุท ุงูุฃูุทุงุฑ .. . . #ุงูุทุงุฑ_ุบุฒูุฑู_ุนูู_ุงููููุช #ุงูุทุงุฑ_ุงููููุช https://t.co/IASNHd0iEx,ไธๅ1:43 ยท 2018ๅนด11ๆ6ๆฅ,Kuwait_floods_18,[],"['#ุงูุทุงุฑ_ุบุฒูุฑู_ุนูู_ุงููููุช', '#ุงูุทุงุฑ_ุงููููุช']",['https://t.co/IASNHd0iEx'],"['', '', 'ููุงุฐุง', 'ูุงูุนุชุฑู', 'ุจุนุถ', 'ููุงุฏู', 'ุงููุฒุงุฑุงุช', 'ูู', 'ุงูุฏููุฉ', 'ุจูุดููู', 'ุงูุฐุฑูุน', 'ุญูููุง', 'ูููุดู', 'ุงููุณุชูุฑุ', 'ููู', 'ุณูุชุฎุฐ', 'ูุฌูุณ', 'ุงููุฒุฑุงุก', 'ุงุฌุฑุงุกุงุช', 'ุญูุงู', 'ูุงุญุฏุซ', 'ุฎูุงู', 'ุณููุท', 'ุงูุฃูุทุงุฑ', '', '', '']",2018-11-06 13:43:00,"['ู', 'ูุงุฐุง', 'ู', 'ุงูุนุชุฑู', 'ุจุนุถ', 'ููุงุฏู', 'ุงููุฒุงุฑุงุช', 'ูู', 'ุงูุฏููุฉ', 'ุจ', 'ูุดู', 'ูู', 'ุงูุฐุฑูุน', 'ุญูููุง', 'ูููุดู', 'ุงููุณุชูุฑ', 'ู', 'ูู', 'ุณ', 'ูุชุฎุฐ', 'ูุฌูุณ', 'ุงููุฒุฑุงุก', 'ุงุฌุฑุงุกุงุช', 'ุญูุงู', 'ูุงุญุฏุซ', 'ุฎูุงู', 'ุณููุท', 'ุงูุฃูุทุงุฑ']",[],[]
1059683343179100160,@Faiz_AlZal,. . ุงููุณุงุฏ ูุทูู ุนูู ุฃุณุทุญ ุงูุดูุงุฑุน ูู ุจุนุถ ููุงุทู ุงูุฏููุฉ ..! . . . #ุงูุทุงุฑ_ุบุฒูุฑู_ุนูู_ุงููููุช #ุงูุทุงุฑ_ุงููููุช https://t.co/mXEsWHYBPf,ไธๅ1:46 ยท 2018ๅนด11ๆ6ๆฅ,Kuwait_floods_18,[],"['#ุงูุทุงุฑ_ุบุฒูุฑู_ุนูู_ุงููููุช', '#ุงูุทุงุฑ_ุงููููุช']",['https://t.co/mXEsWHYBPf'],"['', '', 'ุงููุณุงุฏ', 'ูุทูู', 'ุนูู', 'ุฃุณุทุญ', 'ุงูุดูุงุฑุน', 'ูู', 'ุจุนุถ', 'ููุงุทู', 'ุงูุฏููุฉ', '', '', '', '']",2018-11-06 13:46:00,"['ุงููุณุงุฏ', 'ูุทูู', 'ุนูู', 'ุฃุณุทุญ', 'ุงูุดูุงุฑุน', 'ูู', 'ุจุนุถ', 'ููุงุทู', 'ุงูุฏููุฉ']",[],[]
1059683942297726976,@Faiz_AlZal,". . . ูุงุฒุงู "" ุงููุณู "" ูู ุฃููู ุ ูุงูุบุฑู ูุงุฑุฏ ูุงุญูุงู..! . . . #ุงูุทุงุฑ_ุงููููุช #ุงููููุช_ุงูุงู #ุงููููุช_ุชุบุฑู",ไธๅ1:48 ยท 2018ๅนด11ๆ6ๆฅ,Kuwait_floods_18,[],"['#ุงูุทุงุฑ_ุงููููุช', '#ุงููููุช_ุงูุงู', '#ุงููููุช_ุชุบุฑู']",[],"['', '', '', 'ูุงุฒุงู', '""', 'ุงููุณู', '""', 'ูู', 'ุฃููู', 'ุ', 'ูุงูุบุฑู', 'ูุงุฑุฏ', 'ูุงุญูุงู..', '', '', '']",2018-11-06 13:48:00,"['ูุงุฒุงู', 'ุงููุณู', 'ูู', 'ุฃูู', 'ู', 'ู', 'ุงูุบุฑู', 'ูุงุฑุฏ', 'ูุงุญูุงู']",[],[]
1059684694428655616,@homoudkt,ุฃูุจู ููุฐู ุงูุฃุฑุถู ุชูุชุธุฑู ุทุงู ุงููููู ูุงูุตุฏุฑู ูุณุชุนุฑู ุชุฏุนู ุฅูู ุงูุฑุญูู ุชุณุฃููู ุบูุซุงู ููุฏ ุฃูุฏู ุจูุง ุงูุถูุฑุฑู ุฃูุจู ุจุฃูุฑ ุงููู ูุฑุญูุฉู ูู ุชูุดุฑ ุงูุฃุฑุฒุงูู ูุงูุทุฑู ูุงุณูู ุงูุนุจุงุฏ ููุงุชูู ููุฐุฑุงู ุฑููู ุงูุจูุงุฏ ูุฃูุช ููููุฑู #ุฃูุทุงุฑ_ุงููููุช,ไธๅ1:51 ยท 2018ๅนด11ๆ6ๆฅ,Kuwait_floods_18,[],['#ุฃูุทุงุฑ_ุงููููุช'],[],"['ุฃูุจู', 'ููุฐู', 'ุงูุฃุฑุถู', 'ุชูุชุธุฑู', 'ุทุงู', 'ุงููููู', 'ูุงูุตุฏุฑู', 'ูุณุชุนุฑู', 'ุชุฏุนู', 'ุฅูู', 'ุงูุฑุญูู', 'ุชุณุฃููู', 'ุบูุซุงู', 'ููุฏ', 'ุฃูุฏู', 'ุจูุง', 'ุงูุถูุฑุฑู', 'ุฃูุจู', 'ุจุฃูุฑ', 'ุงููู', 'ูุฑุญูุฉู', 'ูู', 'ุชูุดุฑ', 'ุงูุฃุฑุฒุงูู', 'ูุงูุทุฑู', 'ูุงุณูู', 'ุงูุนุจุงุฏ', 'ููุงุชูู', 'ููุฐุฑุงู', 'ุฑููู', 'ุงูุจูุงุฏ', 'ูุฃูุช', 'ููููุฑู']",2018-11-06 13:51:00,"['ุฃูุจู', 'ููุฐู', 'ุงูุฃุฑุถู', 'ุชูุชุธุฑู', 'ุทุงู', 'ุงููููู', 'ู', 'ุงูุตุฏุฑุง', 'ูุณุชุนุฑู', 'ุชุฏุนู', 'ุฅูู', 'ุงูุฑุญูู', 'ุชุณุฃู', 'ูุง', 'ุบูุซุงู', 'ู', 'ูุฏ', 'ุฃูุฏู', 'ุจ', 'ูุง', 'ุงูุถูุฑุฑู', 'ุฃูุจู', 'ุจ', 'ุฃูุฑ', 'ุงููู', 'ูุฑุญูุฉู', 'ูู', 'ุชูุดุฑ', 'ุงูุฃุฑุฒุงูู', 'ูุงูุทุฑู', 'ู', 'ุฃุณูุฏ', 'ุงูุนุจุงุฏ', 'ู', 'ูุง', 'ุชูู', 'ููุฐุฑุงู', 'ุฑููู', 'ุงูุจูุงุฏ', 'ู', 'ุฃูุช', 'ููููุฑู']",[],[]
1059688113289728000,@khalejianews,ููุฏูู: ุฌุงูุจ ูู ุฌููุฏ ุฑุฌุงู ุงูุฅุทูุงุก ูู ูุณุงุนุฏุฉ ุงูุนุงูููู ูู ุงูููุงุฒู ุจุณุจุจ ุงูุฃูุทุงุฑ #ุงููููุช_ุชุบุฑู #ุงููุทุงุน_ุงูุฎุงุต #ูุฒูุฑ_ุงูุชุฑุจูู #ุงูุงุญูุงู_ุงูุฌููู #ุนุทูู #ูุฒูุฑ_ุงูุงุดุบุงู #ุงูููู_ุงูุซูุงุซุงุก #ุงูุทุงุฑ_ุงููููุช #ูููุชูุงุช #ูููุชูุง #ูุฌูุณ_ุงูุฃูุฉ #ูููุช #ุนูุงุฑุงุช https://t.co/p1DzP6Z9YU,ไธๅ2:05 ยท 2018ๅนด11ๆ6ๆฅ,Kuwait_floods_18,[],"['#ุงููููุช_ุชุบุฑู', '#ุงููุทุงุน_ุงูุฎุงุต', '#ูุฒูุฑ_ุงูุชุฑุจูู', '#ุงูุงุญูุงู_ุงูุฌููู', '#ุนุทูู', '#ูุฒูุฑ_ุงูุงุดุบุงู', '#ุงูููู_ุงูุซูุงุซุงุก', '#ุงูุทุงุฑ_ุงููููุช', '#ูููุชูุงุช', '#ูููุชูุง', '#ูุฌูุณ_ุงูุฃูุฉ', '#ูููุช', '#ุนูุงุฑุงุช']",['https://t.co/p1DzP6Z9YU'],"['ููุฏูู:', 'ุฌุงูุจ', 'ูู', 'ุฌููุฏ', 'ุฑุฌุงู', 'ุงูุฅุทูุงุก', 'ูู', 'ูุณุงุนุฏุฉ', 'ุงูุนุงูููู', 'ูู', 'ุงูููุงุฒู', 'ุจุณุจุจ', 'ุงูุฃูุทุงุฑ']",2018-11-06 14:05:00,"['ููุฏูู', 'ุฌุงูุจ', 'ูู', 'ุฌููุฏ', 'ุฑุฌุงู', 'ุงูุฅุทูุงุก', 'ูู', 'ูุณุงุนุฏุฉ', 'ุงูุนุงูููู', 'ูู', 'ุงูููุงุฒู', 'ุจ', 'ุณุจุจ', 'ุงูุฃูุทุงุฑ']",[],[]
1059688470732570629,@AlshaerRasheed,ูุชุจูู ุชูุฑุถูู ุถุฑุงูุจ ุ!! ุถุฑุงูุจ ุนูู ุดูู ุ!! ูู ุฒูู ุฎุฏูุงุชูู ุ!! ูู ุฃูุงูุฉ ุฃุฏุงุฆูู ููุงุฌุจุงุชููุ!! ุณุคุงู : ููู ูููุณ ุตูุงูุฉ ุงูุทุฑู ุงู ูฅูฅ ููููู ุฏููุงุฑุ!! ููู ุฑุงุญุชุ!! #ุงููููุช_ุชุบุฑู #ุงูุทุงุฑ_ุงููููุช #ุตูุช_ุงูุฑุนุฏ,ไธๅ2:06 ยท 2018ๅนด11ๆ6ๆฅ,Kuwait_floods_18,[],"['#ุงููููุช_ุชุบุฑู', '#ุงูุทุงุฑ_ุงููููุช', '#ุตูุช_ุงูุฑุนุฏ']",[],"['ูุชุจูู', 'ุชูุฑุถูู', 'ุถุฑุงูุจ', 'ุ', 'ุถุฑุงูุจ', 'ุนูู', 'ุดูู', 'ุ', 'ูู', 'ุฒูู', 'ุฎุฏูุงุชูู', 'ุ', 'ูู', 'ุฃูุงูุฉ', 'ุฃุฏุงุฆูู', 'ููุงุฌุจุงุชููุ', 'ุณุคุงู', ':', 'ููู', 'ูููุณ', 'ุตูุงูุฉ', 'ุงูุทุฑู', 'ุงู', 'ูฅูฅ', 'ููููู', 'ุฏููุงุฑุ', 'ููู', 'ุฑุงุญุชุ']",2018-11-06 14:06:00,"['ู', 'ุชุจูู', 'ุชูุฑุถูู', 'ุถุฑุงูุจ', 'ุถุฑุงูุจ', 'ุนูู', 'ุดูู', 'ูู', 'ุฒูู', 'ุฎุฏูุงุช', 'ูู', 'ูู', 'ุฃูุงูุฉ', 'ุฃุฏุงุฆูู', 'ู', 'ูุงุฌุจุงุช', 'ูู', 'ุณุคุงู', 'ููู', 'ูููุณ', 'ุตูุงูุฉ', 'ุงูุทุฑู', 'ุงู', 'ูฅูฅ', 'ููููู', 'ุฏููุงุฑ', 'ู', 'ูู', 'ุฑุงุญุช']",[],[]
1059695212979720192,@B_aljahra,ูููู ุงูููุฐูู ููุฑูููููู ุงููุจูุฑููู ุฎูููููุง ููุทูููุนูุง ูููููุดูุฆู ุงูุณููุญูุงุจู ุงูุซููููุงูู #ุงููููุช_ุชุบุฑู #ุฃูุทุงุฑ_ุงููููุช https://t.co/tMsREkWDSI,ไธๅ2:33 ยท 2018ๅนด11ๆ6ๆฅ,Kuwait_floods_18,[],"['#ุงููููุช_ุชุบุฑู', '#ุฃูุทุงุฑ_ุงููููุช']",['https://t.co/tMsREkWDSI'],"['ูููู', 'ุงูููุฐูู', 'ููุฑูููููู', 'ุงููุจูุฑููู', 'ุฎูููููุง', 'ููุทูููุนูุง', 'ูููููุดูุฆู', 'ุงูุณููุญูุงุจู', 'ุงูุซููููุงูู']",2018-11-06 14:33:00,"['ูููู', 'ุงูููุฐูู', 'ููุฑู', 'ููููู', 'ุงููุจูุฑููู', 'ุฎูููููุง', 'ู', 'ูุทุนู', 'ูุนุง', 'ู', 'ูููุดุฏุฆุง', 'ุงูุณููุญูุงุจู', 'ุงูุซููููุงูู']",[],[]
1059699825325887488,@liferdefempire,ุบุฑู ููุฒู ููุงุทู ูู ููุทูุฉ ุงุจู ูุทูุฑุฉ ! #ุตูุช_ุงูุฑุนุฏ #ุตูุช_ุงููุทุฑ #ุงูุทุงุฑ_ุงููููุช https://t.co/26NB7eQWQd,ไธๅ2:51 ยท 2018ๅนด11ๆ6ๆฅ,Kuwait_floods_18,[],"['#ุตูุช_ุงูุฑุนุฏ', '#ุตูุช_ุงููุทุฑ', '#ุงูุทุงุฑ_ุงููููุช']",['https://t.co/26NB7eQWQd'],"['ุบุฑู', 'ููุฒู', 'ููุงุทู', 'ูู', 'ููุทูุฉ', 'ุงุจู', 'ูุทูุฑุฉ', '']",2018-11-06 14:51:00,"['ุบุฑู', 'ููุฒู', 'ููุงุทู', 'ูู', 'ููุทูุฉ', 'ุงุจู', 'ูุทูุฑุฉ']",['ุงุจู ูุทูุฑุฉ'],[]
1059699978053005312,@uae_3G,ูููุจูุง ูุนุงูู ูุงูู ุงููููุช ... #ุงูุทุงุฑ_ุงููููุช,ไธๅ2:52 ยท 2018ๅนด11ๆ6ๆฅ,Kuwait_floods_18,[],['#ุงูุทุงุฑ_ุงููููุช'],[],"['ูููุจูุง', 'ูุนุงูู', 'ูุงูู', 'ุงููููุช', '']",2018-11-06 14:52:00,"['ูููุจูุง', 'ูุนุงูู', 'ูุงูู', 'ุงููููุช']",['ุงููููุช'],[]
1059701543774183426,@AsSafeerNews,โง#ููุฏููโฉ ..ูุดุงูุฏ ูู โง#ุฃูุทุงุฑ_ุงููููุชโฉ.. ุงูุฏุงุฆุฑู ุงูุณุงุฏุณ ููุงุจู ุงุณุชุงุฏ ุฌุงุจุฑ โง#ุงููููุชโฉ โง#ุงููููุช_ุชุบุฑูโฉ https://t.co/bzRFlGRUxl,ไธๅ2:58 ยท 2018ๅนด11ๆ6ๆฅ,Kuwait_floods_18,[],"['\u2067#ููุฏูู\u2069', '\u2067#ุฃูุทุงุฑ_ุงููููุช\u2069..', '\u2067#ุงููููุช\u2069', '\u2067#ุงููููุช_ุชุบุฑู\u2069']",['https://t.co/bzRFlGRUxl'],"['ูุดุงูุฏ', 'ูู', 'ุงูุฏุงุฆุฑู', 'ุงูุณุงุฏุณ', 'ููุงุจู', 'ุงุณุชุงุฏ', 'ุฌุงุจุฑ']",2018-11-06 14:58:00,"['ูุดุงูุฏ', 'ูู', 'ุงูุฏุงุฆุฑู', 'ุงูุณุงุฏุณ', 'ููุงุจู', 'ุงุณุชุงุฏ', 'ุฌุงุจุฑ']",['ุงุณุชุงุฏ ุฌุงุจุฑ'],[]
1059701731867742208,@Almajlliss,ููุฏูู / ุฌุงูุจ ูู ุงูููููุฏูุง ุชูุงุนูุงู ูุน ุฃุญุฏุงุซ #ุฃูุทุงุฑ_ุงููููุช. https://t.co/6ZlUt9I4fS,ไธๅ2:59 ยท 2018ๅนด11ๆ6ๆฅ,Kuwait_floods_18,[],['#ุฃูุทุงุฑ_ุงููููุช.'],['https://t.co/6ZlUt9I4fS'],"['ููุฏูู', '/', 'ุฌุงูุจ', 'ูู', 'ุงูููููุฏูุง', 'ุชูุงุนูุงู', 'ูุน', 'ุฃุญุฏุงุซ']",2018-11-06 14:59:00,"['ููุฏูู', 'ุฌุงูุจ', 'ูู', 'ุงูููููุฏูุง', 'ุชูุงุนูุงู', 'ูุน', 'ุฃุญุฏุงุซ']",[],[]
1059704701405540352,@khalejianews,#ุงููููุช_ุชุบุฑู #ุงูุทุงุฑ_ุงููููุช ุฌุงูุจ ูู ุบุฑู ุจุนุถ ุณูู #ุงููุงูุฏูู ุจุงููููุช https://t.co/S33mcNFYju,ไธๅ3:11 ยท 2018ๅนด11ๆ6ๆฅ,Kuwait_floods_18,[],"['#ุงููููุช_ุชุบุฑู', '#ุงูุทุงุฑ_ุงููููุช', '#ุงููุงูุฏูู']",['https://t.co/S33mcNFYju'],"['ุฌุงูุจ', 'ูู', 'ุบุฑู', 'ุจุนุถ', 'ุณูู', 'ุจุงููููุช']",2018-11-06 15:11:00,"['ุฌุงูุจ', 'ูู', 'ุบุฑู', 'ุจุนุถ', 'ุณูู', 'ุจุงููููุช']",['ุจุงููููุช'],[]
1059707614060257280,@khalejianews,ุงูุงู ูู ุงูุฏุงุฆุฑู ุงูุณุงุฏุณ ููุงุจู ุงูุงุณุชุงุฏ #ุงูุทุงุฑ_ุงููููุช #ุงููููุช_ุชุบุฑู #ุงูุทุงุฑ_ุบุฒูุฑู_ุนูู_ุงููููุช https://t.co/MrqI9y7rub,ไธๅ3:22 ยท 2018ๅนด11ๆ6ๆฅ,Kuwait_floods_18,[],"['#ุงูุทุงุฑ_ุงููููุช', '#ุงููููุช_ุชุบุฑู', '#ุงูุทุงุฑ_ุบุฒูุฑู_ุนูู_ุงููููุช']",['https://t.co/MrqI9y7rub'],"['ุงูุงู', 'ูู', 'ุงูุฏุงุฆุฑู', 'ุงูุณุงุฏุณ', 'ููุงุจู', 'ุงูุงุณุชุงุฏ']",2018-11-06 15:22:00,"['ุงูุงู', 'ูู', 'ุงูุฏุงุฆุฑู', 'ุงูุณุงุฏุณ', 'ููุงุจู', 'ุงูุงุณุชุงุฏ']",[],[]
1059718492159700992,@khalejianews,ุดูุฑุง ุฑุฌุงู ุงูุฏุงุฎููู ูุฑุฌุงู ุงูุงุทูุงุก #ุงูุทุงุฑ_ุงููููุช #ุงููููุช_ุชุบุฑู https://t.co/bJR5vJQHeD,ไธๅ4:05 ยท 2018ๅนด11ๆ6ๆฅ,Kuwait_floods_18,[],"['#ุงูุทุงุฑ_ุงููููุช', '#ุงููููุช_ุชุบุฑู']",['https://t.co/bJR5vJQHeD'],"['ุดูุฑุง', 'ุฑุฌุงู', 'ุงูุฏุงุฎููู', 'ูุฑุฌุงู', 'ุงูุงุทูุงุก']",2018-11-06 16:05:00,"['ุดูุฑุง', 'ุฑุฌุงู', 'ุงูุฏุงุฎููู', 'ู', 'ุฑุฌุงู', 'ุงูุงุทูุงุก']",[],[]
1059720142928650240,@khalejianews,ุงูุนููุฏ ุฃุญูุฏ ุงูุนุงุฒูู ูู ุบุฑูุฉ ุนูููุงุช ุงูุฏุงุฎููุฉ : ุชุนุงูููุง ูุน 1429 ุจูุงุบ ูุนูู ุนู ุญุงูุงุช ูุฑุถูุฉ ูุญุฑุงุฆู ูุณููุท ุงุดุฌุงุฑ ููุธูุงุช ุนูู ุงููุฑูุจุงุช #ุงููููุช #ุฃูุทุงุฑ_ุงููููุช #ูุฒุงุฑุฉ_ุงูุฏุงุฎููุฉ_ุงููููุช https://t.co/7z5Vvry1qX,ไธๅ4:12 ยท 2018ๅนด11ๆ6ๆฅ,Kuwait_floods_18,[],"['#ุงููููุช', '#ุฃูุทุงุฑ_ุงููููุช', '#ูุฒุงุฑุฉ_ุงูุฏุงุฎููุฉ_ุงููููุช']",['https://t.co/7z5Vvry1qX'],"['ุงูุนููุฏ', 'ุฃุญูุฏ', 'ุงูุนุงุฒูู', 'ูู', 'ุบุฑูุฉ', 'ุนูููุงุช', 'ุงูุฏุงุฎููุฉ', ':', 'ุชุนุงูููุง', 'ูุน', '1429', 'ุจูุงุบ', 'ูุนูู', 'ุนู', 'ุญุงูุงุช', 'ูุฑุถูุฉ', 'ูุญุฑุงุฆู', 'ูุณููุท', 'ุงุดุฌุงุฑ', 'ููุธูุงุช', 'ุนูู', 'ุงููุฑูุจุงุช']",2018-11-06 16:12:00,"['ุงูุนููุฏ', 'ุฃุญูุฏ', 'ุงูุนุงุฒูู', 'ูู', 'ุบุฑูุฉ', 'ุนูููุงุช', 'ุงูุฏุงุฎููุฉ', 'ุชุนุงูู', 'ูุง', 'ูุน', '1429', 'ุจูุงุบ', 'ูุนูู', 'ุนู', 'ุญุงูุงุช', 'ูุฑุถูุฉ', 'ู', 'ุญุฑุงุฆู', 'ู', 'ุณููุท', 'ุงุดุฌุงุฑ', 'ู', 'ูุธูุงุช', 'ุนูู', 'ุงููุฑูุจุงุช']",['ุฃุญูุฏ ุงูุนุงุฒูู'],[]
1059724881334546433,@khalejianews,#ููุฏูู .. ูููุฉ ุงูุฏุฑุงุณุงุช ุงูุชุฌุงุฑูุฉ ุจููุทูุฉ ุงูุนุงุฑุถูุฉ โง#ุงููููุชโฉ โง#ุงูุทุงุฑ_ุงููููุชโฉ โง#ุงููููุช_ุชุบุฑูโฉ โง#ุตูุช_ุงูุฑุนุฏโฉ https://t.co/RAtDxhhgTd,ไธๅ4:31 ยท 2018ๅนด11ๆ6ๆฅ,Kuwait_floods_18,[],"['#ููุฏูู', '\u2067#ุงููููุช\u2069', '\u2067#ุงูุทุงุฑ_ุงููููุช\u2069', '\u2067#ุงููููุช_ุชุบุฑู\u2069', '\u2067#ุตูุช_ุงูุฑุนุฏ\u2069']",['https://t.co/RAtDxhhgTd'],"['', 'ูููุฉ', 'ุงูุฏุฑุงุณุงุช', 'ุงูุชุฌุงุฑูุฉ', 'ุจููุทูุฉ', 'ุงูุนุงุฑุถูุฉ']",2018-11-06 16:31:00,"['ูููุฉ', 'ุงูุฏุฑุงุณุงุช', 'ุงูุชุฌุงุฑูุฉ', 'ุจ', 'ููุทูุฉ', 'ุงูุนุงุฑุถูุฉ']",[],[]
1059726976120963072,@khalejianews,ุงููุถุน ุจุงููููุช #ุงููููุช_ุชุบุฑู #ุงูุทุงุฑ_ุงููููุช https://t.co/bLGDYFi4IV,ไธๅ4:39 ยท 2018ๅนด11ๆ6ๆฅ,Kuwait_floods_18,[],"['#ุงููููุช_ุชุบุฑู', '#ุงูุทุงุฑ_ุงููููุช']",['https://t.co/bLGDYFi4IV'],"['ุงููุถุน', 'ุจุงููููุช']",2018-11-06 16:39:00,"['ุงููุถุน', 'ุจุงููููุช']",['ุจุงููููุช'],[]
1059727707255332864,@AsSafeerNews,โง#ููุฏููโฉ .. ุฑุฆูุณ ูุฌูุณ ุงููุฒุฑุงุก: โง#ุงููููุชโฉ ูุฏููุง ุฅููุงููุงุช ูุจูุฑุฉ ูุชุฌุงูุฒ ุงูุฃุฒูุงุช.. ู ููู ุงูุฎูุฑ ุงููู ูุฒู ูุงู ุชููุนุงุชูุง. โง#ุงูุทุงุฑ_ุงููููุชโฉ โง#ุงููููุช_ุชุบุฑูโฉ https://t.co/GLxM0hqFB6,ไธๅ4:42 ยท 2018ๅนด11ๆ6ๆฅ,Kuwait_floods_18,[],"['\u2067#ููุฏูู\u2069', '\u2067#ุงููููุช\u2069', '\u2067#ุงูุทุงุฑ_ุงููููุช\u2069', '\u2067#ุงููููุช_ุชุบุฑู\u2069']",['https://t.co/GLxM0hqFB6'],"['', 'ุฑุฆูุณ', 'ูุฌูุณ', 'ุงููุฒุฑุงุก:', 'ูุฏููุง', 'ุฅููุงููุงุช', 'ูุจูุฑุฉ', 'ูุชุฌุงูุฒ', 'ุงูุฃุฒูุงุช', 'ู', 'ููู', 'ุงูุฎูุฑ', 'ุงููู', 'ูุฒู', 'ูุงู', 'ุชููุนุงุชูุง']",2018-11-06 16:42:00,"['ุฑุฆูุณ', 'ูุฌูุณ', 'ุงููุฒุฑุงุก', 'ูุฏู', 'ูุง', 'ุฅููุงููุงุช', 'ูุจูุฑุฉ', 'ู', 'ุชุฌุงูุฒ', 'ุงูุฃุฒูุงุช', 'ู', 'ููู', 'ุงูุฎูุฑ', 'ุงููู', 'ูุฒู', 'ูุงู', 'ุชููุนุงุชูุง']",['ูุฌูุณ ุงููุฒุฑุงุก'],[]
1059755907251400704,@Almajlliss,ุงููู ูุนูุถ ุนูููู .. ุฎุทุงูู ุงูุณู #ุฃูุทุงุฑ_ุงููููุช https://t.co/1kBs2fQ5C1,ไธๅ6:34 ยท 2018ๅนด11ๆ6ๆฅ,Kuwait_floods_18,[],['#ุฃูุทุงุฑ_ุงููููุช'],['https://t.co/1kBs2fQ5C1'],"['ุงููู', 'ูุนูุถ', 'ุนูููู', '', 'ุฎุทุงูู', 'ุงูุณู']",2018-11-06 18:34:00,"['ุงููู', 'ูุนูุถ', 'ุนูู', 'ูู', 'ุฎุทุงูู', 'ุงูุณู']",['ุงููู'],[]
1059764450008412160,@saoud_alrukaibi,#ุงูุงูู_ุงูุฑููู_ูุงูุญุตุงู_ูุทูุจ_ุดุนุจู ูุงุจุฏ ูู ูุญุงุณุจุฉ ุงูููุตุฑูู ุฃูู ูุงู ููุตุจู #ุงูุทุงุฑ_ุงููููุช,ไธๅ7:08 ยท 2018ๅนด11ๆ6ๆฅ,Kuwait_floods_18,[],"['#ุงูุงูู_ุงูุฑููู_ูุงูุญุตุงู_ูุทูุจ_ุดุนุจู', '#ุงูุทุงุฑ_ุงููููุช']",[],"['ูุงุจุฏ', 'ูู', 'ูุญุงุณุจุฉ', 'ุงูููุตุฑูู', 'ุฃูู', 'ูุงู', 'ููุตุจู']",2018-11-06 19:08:00,"['ูุงุจุฏ', 'ูู', 'ูุญุงุณุจุฉ', 'ุงูููุตุฑูู', 'ุฃูู', 'ูุงู', 'ููุตุจู']",[],[]
1059777421904351232,@momentsmena,ุชุนุทูู ุงูุนูู ุจุฌููุน ุงููุฒุงุฑุงุช ูุงูุฏูุงุฆุฑ ุงูุญููููุฉ ูู ุงููููุช ูุณูุก ุงูุฃุญูุงู ุงูุฌููุฉ #ุงูุทุงุฑ_ุงููููุช https://t.co/rmh36WGTWv,ไธๅ8:00 ยท 2018ๅนด11ๆ6ๆฅ,Kuwait_floods_18,[],['#ุงูุทุงุฑ_ุงููููุช'],['https://t.co/rmh36WGTWv'],"['ุชุนุทูู', 'ุงูุนูู', 'ุจุฌููุน', 'ุงููุฒุงุฑุงุช', 'ูุงูุฏูุงุฆุฑ', 'ุงูุญููููุฉ', 'ูู', 'ุงููููุช', 'ูุณูุก', 'ุงูุฃุญูุงู', 'ุงูุฌููุฉ']",2018-11-06 20:00:00,"['ุชุนุทูู', 'ุงูุนูู', 'ุจ', 'ุฌููุน', 'ุงููุฒุงุฑุงุช', 'ู', 'ุงูุฏูุงุฆุฑ', 'ุงูุญููููุฉ', 'ูู', 'ุงููููุช', 'ู', 'ุณูุก', 'ุงูุฃุญูุงู', 'ุงูุฌููุฉ']",['ุงููููุช'],[]
1059781877870092288,@AleradaNews,ุงููุงุฆุจ ูุญูุฏ ุญุณูู ุงูุฏูุงู: ุฅุฌุฑุงุกุงุช ุงูุญูููุฉ ูููุง ูุชุนูู ุจุงูุชุนุงูู ูุน ุชุฏุงุนูุงุช ููุตูุฑ ุงุณุชุนุฏุงุฏุงุช ูุฒุงุฑุฉ ุงูุงุดุบุงู ูุงุณุชูุจุงู ุงูุฃูุทุงุฑ ุฌุงุฏุฉ ููู ูุญููุง ูุงูุฃูู ุงูุฅุนูุงู ุนู ูุชุงุฆุฌ ุงูุชุญููู ุฃููุง ุจุฃูู ููุง ุงู ุชุดููู ูุฑูู ุฃุฒูุฉ ูุฅุฏุงุฑุฉ ูุฐุง ุงูููู ูุฑุงุฑ ููุชุธุฑ ููุทููุจ ููุงู ุฌุฏุง .. #ุงูุทุงุฑ_ุงููููุช https://t.co/50OTC2R9IL,ไธๅ8:17 ยท 2018ๅนด11ๆ6ๆฅ,Kuwait_floods_18,[],['#ุงูุทุงุฑ_ุงููููุช'],['https://t.co/50OTC2R9IL'],"['ุงููุงุฆุจ', 'ูุญูุฏ', 'ุญุณูู', 'ุงูุฏูุงู:', 'ุฅุฌุฑุงุกุงุช', 'ุงูุญูููุฉ', 'ูููุง', 'ูุชุนูู', 'ุจุงูุชุนุงูู', 'ูุน', 'ุชุฏุงุนูุงุช', 'ููุตูุฑ', 'ุงุณุชุนุฏุงุฏุงุช', 'ูุฒุงุฑุฉ', 'ุงูุงุดุบุงู', 'ูุงุณุชูุจุงู', 'ุงูุฃูุทุงุฑ', 'ุฌุงุฏุฉ', 'ููู', 'ูุญููุง', 'ูุงูุฃูู', 'ุงูุฅุนูุงู', 'ุนู', 'ูุชุงุฆุฌ', 'ุงูุชุญููู', 'ุฃููุง', 'ุจุฃูู', 'ููุง', 'ุงู', 'ุชุดููู', 'ูุฑูู', 'ุฃุฒูุฉ', 'ูุฅุฏุงุฑุฉ', 'ูุฐุง', 'ุงูููู', 'ูุฑุงุฑ', 'ููุชุธุฑ', 'ููุทููุจ', 'ููุงู', 'ุฌุฏุง', '']",2018-11-06 20:17:00,"['ุงููุงุฆุจ', 'ูุญูุฏ', 'ุญุณูู', 'ุงูุฏูุงู', 'ุฅุฌุฑุงุกุงุช', 'ุงูุญูููุฉ', 'ูู', 'ูุง', 'ูุชุนูู', 'ุจ', 'ุงูุชุนุงูู', 'ูุน', 'ุชุฏุงุนูุงุช', 'ู', 'ูุตูุฑ', 'ุงุณุชุนุฏุงุฏุงุช', 'ูุฒุงุฑุฉ', 'ุงูุงุดุบุงู', 'ู', 'ุงุณุชูุจุงู', 'ุงูุฃูุทุงุฑ', 'ุฌุงุฏุฉ', 'ู', 'ูู', 'ูุญู', 'ูุง', 'ู', 'ุงูุฃูู', 'ุงูุฅุนูุงู', 'ุนู', 'ูุชุงุฆุฌ', 'ุงูุชุญููู', 'ุฃููุง', 'ุจ', 'ุฃูู', 'ููุง', 'ุงู', 'ุชุดููู', 'ูุฑูู', 'ุฃุฒูุฉ', 'ู', 'ุฅุฏุงุฑุฉ', 'ูุฐุง', 'ุงูููู', 'ูุฑุงุฑ', 'ููุชุธุฑ', 'ู', 'ูุทููุจ', 'ู', 'ูุงู', 'ุฌุฏุง']",['ูุญูุฏ ุญุณูู ุงูุฏูุงู'],[]
1059783671404814336,@fahadthwaini,ูู ุงูุดูุฑ ุฅูู ุฑุฌุงู ุงูุฏุงุฎููุฉ ูู ุงูุฃูู ุงูุนุงู ูุงููุฑูุฑ ูุงููุฌุฏุฉ ูุงูุนูููุงุช ูู ูุฒุงุฑุฉ ุงูุฏุงุฎููุฉูุฅูู ุฑุฌุงู ุงูุฃุทูุงุก ุงูุจูุงุณู ูุฅูู ุฑุฌุงู ูุฒุงุฑุฉ ุงูุฃุดุบุงู ูุงูุจูุฏูุฉ ูุฅูู ูู ุดุฎุต ุณุงูู ูู ุนูููุฉ ุฃููุงุฐ ุฃููุณุงุนุฏุฉ ุจูุถ ุงููู ูุฌูููู ููุฌุจ ูุญุงุณุจุฉ ุงููุชุณุจุจ ูุงูููุตุฑ ุญุชู ูููู ุนุจุฑุฉ ูุบูุฑู #ุงูุทุงุฑ_ุงููููุช #ุงููููุช,ไธๅ8:24 ยท 2018ๅนด11ๆ6ๆฅ,Kuwait_floods_18,[],"['#ุงูุทุงุฑ_ุงููููุช', '#ุงููููุช']",[],"['ูู', 'ุงูุดูุฑ', 'ุฅูู', 'ุฑุฌุงู', 'ุงูุฏุงุฎููุฉ', 'ูู', 'ุงูุฃูู', 'ุงูุนุงู', 'ูุงููุฑูุฑ', 'ูุงููุฌุฏุฉ', 'ูุงูุนูููุงุช', 'ูู', 'ูุฒุงุฑุฉ', 'ุงูุฏุงุฎููุฉูุฅูู', 'ุฑุฌุงู', 'ุงูุฃุทูุงุก', 'ุงูุจูุงุณู', 'ูุฅูู', 'ุฑุฌุงู', 'ูุฒุงุฑุฉ', 'ุงูุฃุดุบุงู', 'ูุงูุจูุฏูุฉ', 'ูุฅูู', 'ูู', 'ุดุฎุต', 'ุณุงูู', 'ูู', 'ุนูููุฉ', 'ุฃููุงุฐ', 'ุฃููุณุงุนุฏุฉ', 'ุจูุถ', 'ุงููู', 'ูุฌูููู', 'ููุฌุจ', 'ูุญุงุณุจุฉ', 'ุงููุชุณุจุจ', 'ูุงูููุตุฑ', 'ุญุชู', 'ูููู', 'ุนุจุฑุฉ', 'ูุบูุฑู']",2018-11-06 20:24:00,"['ูู', 'ุงูุดูุฑ', 'ุฅูู', 'ุฑุฌุงู', 'ุงูุฏุงุฎููุฉ', 'ูู', 'ุงูุฃูู', 'ุงูุนุงู', 'ู', 'ุงููุฑูุฑ', 'ู', 'ุงููุฌุฏุฉ', 'ู', 'ุงูุนูููุงุช', 'ูู', 'ูุฒุงุฑุฉ', 'ุงูุฏุงุฎููุฉ', 'ูุฅูู', 'ุฑุฌุงู', 'ุงูุฃุทูุงุก', 'ุงูุจูุงุณู', 'ู', 'ุฅูู', 'ุฑุฌุงู', 'ูุฒุงุฑุฉ', 'ุงูุฃุดุบุงู', 'ู', 'ุงูุจูุฏูุฉ', 'ู', 'ุฅูู', 'ูู', 'ุดุฎุต', 'ุณุงูู', 'ูู', 'ุนูููุฉ', 'ุฃููุงุฐ', 'ุฃููุณุงุนุฏุฉ', 'ุจูุถ', 'ุงููู', 'ูุฌูู', 'ูู', 'ู', 'ูุฌุจ', 'ูุญุงุณุจุฉ', 'ุงููุชุณุจุจ', 'ู', 'ุงูููุตุฑ', 'ุญุชู', 'ูููู', 'ุนุจุฑุฉ', 'ูุบูุฑู']",[],[]
1059787028760543232,@fahadthwaini,ูุทุงูุจ ุงูุญูููุฉ ุจุชุทุจูู ุงููุงููู ูุนุฏู ุชุฑู ูุฑุตุฉ ููู ูุงุณุฏ ูู ุงููุณุคูููู ููุตุฑ ุจุงููุฑุจ ูู ุชุญูู ุงููุณุคูููุฉ ุนุจุฑ ุงูุชูุงุนุฏ ููุฌุจ ุฅุญุงูุชู ุงูู ุงูููุงุจุฉ ูุฐูู ุจุชููุฉ ุงูุชูุงุนุณ ูุชุจุฏูุฏู ูุฃููุงู ุนุงูุฉ ููุฏููุฉ #ุงููููุช #ุงููููุช_ุชุบุฑู #ุงูุทุงุฑ_ุงููููุช,ไธๅ8:38 ยท 2018ๅนด11ๆ6ๆฅ,Kuwait_floods_18,[],"['#ุงููููุช', '#ุงููููุช_ุชุบุฑู', '#ุงูุทุงุฑ_ุงููููุช']",[],"['ูุทุงูุจ', 'ุงูุญูููุฉ', 'ุจุชุทุจูู', 'ุงููุงููู', 'ูุนุฏู', 'ุชุฑู', 'ูุฑุตุฉ', 'ููู', 'ูุงุณุฏ', 'ูู', 'ุงููุณุคูููู', 'ููุตุฑ', 'ุจุงููุฑุจ', 'ูู', 'ุชุญูู', 'ุงููุณุคูููุฉ', 'ุนุจุฑ', 'ุงูุชูุงุนุฏ', 'ููุฌุจ', 'ุฅุญุงูุชู', 'ุงูู', 'ุงูููุงุจุฉ', 'ูุฐูู', 'ุจุชููุฉ', 'ุงูุชูุงุนุณ', 'ูุชุจุฏูุฏู', 'ูุฃููุงู', 'ุนุงูุฉ', 'ููุฏููุฉ']",2018-11-06 20:38:00,"['ูุทุงูุจ', 'ุงูุญูููุฉ', 'ุจ', 'ุชุทุจูู', 'ุงููุงููู', 'ู', 'ุนุฏู', 'ุชุฑู', 'ูุฑุตุฉ', 'ู', 'ูู', 'ูุงุณุฏ', 'ูู', 'ุงููุณุคูููู', 'ููุตุฑ', 'ุจ', 'ุงููุฑุจ', 'ูู', 'ุชุญูู', 'ุงููุณุคูููุฉ', 'ุนุจุฑ', 'ุงูุชูุงุนุฏ', 'ู', 'ูุฌุจ', 'ุฅุญุงูุฉ', 'ู', 'ุงูู', 'ุงูููุงุจุฉ', 'ู', 'ุฐูฐูู', 'ุจ', 'ุชููุฉ', 'ุงูุชูุงุนุณ', 'ู', 'ุชุจุฏูุฏ', 'ู', 'ู', 'ุฃููุงู', 'ุนุงูุฉ', 'ููุฏููุฉ']",[],[]
1059787979428896768,@dr_alsaeedi,#ุงูุทุงุฑ_ุงููููุช ุฅุฏุงุฑุฉ ุงูุฃุฒูุงุช ูุงูููุงุฑุซ ุงูููุถู ุงูุชู ุญุตูุช ุจุณุจุจ 1ุนุฏู ูุฌูุฏ ูุฑูุฒ ูุฅุฏุงุฑุฉ ุงูุฃุฒูุงุช ุงูุฐู ูููุง ููุงุฏู ูู 2ุชูุงุนุณ ูุณุฆููู ุงูุงุดุบุงู ูุญู ูุดููุฉ ููุถุงูุงุช ุงูุทุฑู ุงูุชู ุชุชูุฑุฑ ูููุณ ุงูุฃูุงูู 3ูุญูู ูุญุงุณุจุฉ ุงููุณุฆูููู ุงูุฐู ูู ูุชู ุณุงุจูุงู ูุงููุคุณู ุนุทูุฉ ูููุฒุงุฑุงุช๐ ูุญูู ุงูุญุฑุณ ุงููุทูู ุฏูุงููู ุจุงูุฃุฒูุงุช,ไธๅ8:41 ยท 2018ๅนด11ๆ6ๆฅ,Kuwait_floods_18,[],['#ุงูุทุงุฑ_ุงููููุช'],[],"['ุฅุฏุงุฑุฉ', 'ุงูุฃุฒูุงุช', 'ูุงูููุงุฑุซ', 'ุงูููุถู', 'ุงูุชู', 'ุญุตูุช', 'ุจุณุจุจ', '1ุนุฏู', 'ูุฌูุฏ', 'ูุฑูุฒ', 'ูุฅุฏุงุฑุฉ', 'ุงูุฃุฒูุงุช', 'ุงูุฐู', 'ูููุง', 'ููุงุฏู', 'ูู', '2ุชูุงุนุณ', 'ูุณุฆููู', 'ุงูุงุดุบุงู', 'ูุญู', 'ูุดููุฉ', 'ููุถุงูุงุช', 'ุงูุทุฑู', 'ุงูุชู', 'ุชุชูุฑุฑ', 'ูููุณ', 'ุงูุฃูุงูู', '3ูุญูู', 'ูุญุงุณุจุฉ', 'ุงููุณุฆูููู', 'ุงูุฐู', 'ูู', 'ูุชู', 'ุณุงุจูุงู', 'ูุงููุคุณู', 'ุนุทูุฉ', 'ูููุฒุงุฑุงุช๐', 'ูุญูู', 'ุงูุญุฑุณ', 'ุงููุทูู', 'ุฏูุงููู', 'ุจุงูุฃุฒูุงุช']",2018-11-06 20:41:00,"['ุฅุฏุงุฑุฉ', 'ุงูุฃุฒูุงุช', 'ู', 'ุงูููุงุฑุซ', 'ุงูููุถู', 'ุงูุชู', 'ุญุตูุช', 'ุจ', 'ุณุจุจ', 'ุฏุนุฏ', 'ู', 'ูุฌูุฏ', 'ูุฑูุฒ', 'ู', 'ุฅุฏุงุฑุฉ', 'ุงูุฃุฒูุงุช', 'ุงูุฐู', 'ูููุง', 'ููุงุฏู', 'ู', 'ู', '2ุชูุงุนุณ', 'ูุณุฆููู', 'ุงูุงุดุบุงู', 'ู', 'ุญู', 'ูุดููุฉ', 'ููุถุงูุงุช', 'ุงูุทุฑู', 'ุงูุชู', 'ุชุชูุฑุฑ', 'ู', 'ููุณ', 'ุงูุฃูุงูู', '3ูุญูู', 'ูุญุงุณุจุฉ', 'ุงููุณุฆูููู', 'ุงูุฐู', 'ูู', 'ูุชู', 'ุณุงุจูุงู', 'ู', 'ุงููุคุณู', 'ุนุทูุฉ', 'ู', 'ุงููุฒุงุฑุงุช', 'ุฏ', 'ูุญูู', 'ุงูุญุฑุณ', 'ุงููุทูู', 'ุฏูุงู', 'ูู', 'ุจุงูุฃุฒูุงุช']",[],[]
1059793711708753921,@Almajlliss,ุงูููุงุทู ุนุฏูุงู ุนุจุฏุงููุฑูู: ููุชุฑุถ ูุฌูุฏ ุชูุณูู ุญุชู ูุง ุชุชูุฑุฑ ยซุฑุจูุฉยป ุชุนุทูู ุงููุฏุงุฑุณ ูุงููุฒุงุฑุงุช ุจุดูู ููุงุฌุฆ. #ุฃูุทุงุฑ_ุงููููุช https://t.co/mUQhpxtl9m,ไธๅ9:04 ยท 2018ๅนด11ๆ6ๆฅ,Kuwait_floods_18,[],['#ุฃูุทุงุฑ_ุงููููุช'],['https://t.co/mUQhpxtl9m'],"['ุงูููุงุทู', 'ุนุฏูุงู', 'ุนุจุฏุงููุฑูู:', 'ููุชุฑุถ', 'ูุฌูุฏ', 'ุชูุณูู', 'ุญุชู', 'ูุง', 'ุชุชูุฑุฑ', 'ยซุฑุจูุฉยป', 'ุชุนุทูู', 'ุงููุฏุงุฑุณ', 'ูุงููุฒุงุฑุงุช', 'ุจุดูู', 'ููุงุฌุฆ']",2018-11-06 21:04:00,"['ุงูููุงุทู', 'ุนุฏูุงู', 'ุนุจุฏุงููุฑูู', 'ููุชุฑุถ', 'ู', 'ุฌูุฏ', 'ุชูุณูู', 'ุญุชู', 'ูุง', 'ุชุชูุฑุฑ', 'ุฑุจูุฉ', 'ุชุนุทูู', 'ุงููุฏุงุฑุณ', 'ู', 'ุงููุฒุงุฑุงุช', 'ุจ', 'ุดูู', 'ููุงุฌุฆ']",['ุนุฏูุงู ุนุจุฏุงููุฑูู'],[]
1059794614184538113,@alkfeef,๐ ูุงู ๏ทบ : ููู ูุชุตุจุฑ ูุตุจุฑู ุงูููุ ููุง ุฃุนุทู ุฃุญุฏ ุนุทุงุก ุฎูุฑุง ูุฃูุณุน ูู ุงูุตุจุฑ . ูุชูู ุนููู. ูุงู ุงุจู ุณุนุฏู : ูุงูุตุจุฑ ูุณุงุฆุฑ ุงูุฃุฎูุงู ูุญุชุงุฌ ุฅูู ูุฌุงูุฏุฉ ููููุณ ูุชูุฑูููุง. ูููุฐุง ูุงู : ููู ูุชุตุจุฑ ุฃู : ูุฌุงูุฏ ููุณู ุนูู ุงูุตุจุฑ ยซูุตุจุฑู ุงูููยป ููุนููู . ุจูุฌุฉ ูููุจ ุงูุฃุจุฑุงุฑ78 #ุงูููุงุฆุฏ #ุฃูุทุงุฑ_ุงููููุช,ไธๅ9:08 ยท 2018ๅนด11ๆ6ๆฅ,Kuwait_floods_18,[],"['#ุงูููุงุฆุฏ', '#ุฃูุทุงุฑ_ุงููููุช']",[],"['๐', 'ูุงู', '๏ทบ', ':', 'ููู', 'ูุชุตุจุฑ', 'ูุตุจุฑู', 'ุงูููุ', 'ููุง', 'ุฃุนุทู', 'ุฃุญุฏ', 'ุนุทุงุก', 'ุฎูุฑุง', 'ูุฃูุณุน', 'ูู', 'ุงูุตุจุฑ', '', 'ูุชูู', 'ุนููู', 'ูุงู', 'ุงุจู', 'ุณุนุฏู', ':', 'ูุงูุตุจุฑ', 'ูุณุงุฆุฑ', 'ุงูุฃุฎูุงู', 'ูุญุชุงุฌ', 'ุฅูู', 'ูุฌุงูุฏุฉ', 'ููููุณ', 'ูุชูุฑูููุง', 'ูููุฐุง', 'ูุงู', ':', 'ููู', 'ูุชุตุจุฑ', 'ุฃู', ':', 'ูุฌุงูุฏ', 'ููุณู', 'ุนูู', 'ุงูุตุจุฑ', 'ยซูุตุจุฑู', 'ุงูููยป', 'ููุนููู', '', 'ุจูุฌุฉ', 'ูููุจ', 'ุงูุฃุจุฑุงุฑ78']",2018-11-06 21:08:00,"['๐', 'ูุงู', '๏ทบ', 'ู', 'ูู', 'ูุชุตุจุฑ', 'ูุตุจุฑ', 'ู', 'ุงููู', 'ู', 'ูุง', 'ุฃุนุทู', 'ุฃุญุฏ', 'ุนุทุงุก', 'ุฎูุฑุง', 'ู', 'ุฃูุณุน', 'ูู', 'ุงูุตุจุฑ', 'ูุชูู', 'ุนูู', 'ู', 'ูุงู', 'ุงุจู', 'ุณุนุฏู', 'ู', 'ุงูุตุจุฑ', 'ูุณุงุฆุฑ', 'ุงูุฃุฎูุงู', 'ูุญุชุงุฌ', 'ุฅูู', 'ูุฌุงูุฏุฉ', 'ู', 'ุงูููุณ', 'ู', 'ุชูุฑูู', 'ูุง', 'ู', 'ู', 'ููฐุฐุง', 'ูุงู', 'ู', 'ูู', 'ูุชุตุจุฑ', 'ุฃู', 'ูุฌุงูุฏ', 'ููุณ', 'ู', 'ุนูู', 'ุงูุตุจุฑ', 'ูุตุจุฑ', 'ู', 'ุงููู', 'ู', 'ูุนูู', 'ู', 'ุจ', 'ูุฌุฉ', 'ูููุจ', 'ุงูุฃุจุฑุงุฑ', '78']",['ุงุจู ุณุนุฏู'],[]
1059799868988891136,@alqabas,ุจุงูููุฏูู - ุงููุญุงูู ููุงู ุงููุงุณูู: ูู ุญู ุงููุชุถุฑุฑูู ูู ุงูุฃูุทุงุฑ ููุงุถุงุฉ ูุฒุงุฑุฉ ุงูุฃุดุบุงู.. ููุญุตูู ุนูู ุชุนููุถุงุช https://t.co/eW8Z0vN2Oj #ุฃูุทุงุฑ_ุงููููุช #ููุชููุฏูุง_ุงููุจุณ https://t.co/6vZPlhJhOI,ไธๅ9:29 ยท 2018ๅนด11ๆ6ๆฅ,Kuwait_floods_18,[],"['#ุฃูุทุงุฑ_ุงููููุช', '#ููุชููุฏูุง_ุงููุจุณ']","['https://t.co/eW8Z0vN2Oj', 'https://t.co/6vZPlhJhOI']","['ุจุงูููุฏูู', '-', 'ุงููุญุงูู', 'ููุงู', 'ุงููุงุณูู:', 'ูู', 'ุญู', 'ุงููุชุถุฑุฑูู', 'ูู', 'ุงูุฃูุทุงุฑ', 'ููุงุถุงุฉ', 'ูุฒุงุฑุฉ', 'ุงูุฃุดุบุงู', 'ููุญุตูู', 'ุนูู', 'ุชุนููุถุงุช']",2018-11-06 21:29:00,"['ุจุงูููุฏูู', 'ุงููุญุงูู', 'ููุงู', 'ุงููุงุณูู', 'ูู', 'ุญู', 'ุงููุชุถุฑุฑูู', 'ูู', 'ุงูุฃูุทุงุฑ', 'ููุงุถุงุฉ', 'ูุฒุงุฑุฉ', 'ุงูุฃุดุบุงู', 'ู', 'ุงูุญุตูู', 'ุนูู', 'ุชุนููุถุงุช']",['ููุงู ุงููุงุณูู'],[]
1059804070310043652,@Almajlliss,ุงูููุงุทู ููุณู ุนุจุงุณ: ูุฒุงุฑุฉ ุงูุฏุงุฎููุฉ ูุงููุง ยซุฃุจุทุงูยป ูู ุฃุฒูุฉ #ุฃูุทุงุฑ_ุงููููุช ูุชูุงุฌูุง ุนูู ูุฏุงุฑ ุงูุณุงุนุฉ ูู ูู ุดูุงุฑุน ุงูุฏููุฉ. https://t.co/wRKMcAog8e,ไธๅ9:45 ยท 2018ๅนด11ๆ6ๆฅ,Kuwait_floods_18,[],['#ุฃูุทุงุฑ_ุงููููุช'],['https://t.co/wRKMcAog8e'],"['ุงูููุงุทู', 'ููุณู', 'ุนุจุงุณ:', 'ูุฒุงุฑุฉ', 'ุงูุฏุงุฎููุฉ', 'ูุงููุง', 'ยซุฃุจุทุงูยป', 'ูู', 'ุฃุฒูุฉ', 'ูุชูุงุฌูุง', 'ุนูู', 'ูุฏุงุฑ', 'ุงูุณุงุนุฉ', 'ูู', 'ูู', 'ุดูุงุฑุน', 'ุงูุฏููุฉ']",2018-11-06 21:45:00,"['ุงูููุงุทู', 'ููุณู', 'ุนุจุงุณ', 'ูุฒุงุฑุฉ', 'ุงูุฏุงุฎููุฉ', 'ูุงููุง', 'ุฃุจุทุงู', 'ูู', 'ุฃุฒูุฉ', 'ู', 'ุชูุงุฌูุง', 'ุนูู', 'ูุฏุงุฑ', 'ุงูุณุงุนุฉ', 'ูู', 'ูู', 'ุดูุงุฑุน', 'ุงูุฏููุฉ']",['ููุณู ุนุจุงุณ'],[]
1059818321917501440,@Alyaseenkw,ุฃุชููู ุจุนุฏ ุงู ุชูุชูู ุฃุฒูุฉ #ุงูุทุงุฑ_ุงููููุช ุฃู ููุชุญ ููู ุงูุชุนูููุงุช ุจุงูุฌูุงุช ุงูุญููููุฉ ุนูู ูุตุฑุงุนูู ููุดู ุงููุงุณุทุงุช ุงูุฐู ูุงู ุจูุง ุงููุชููุฐูู ูุงูููุงุจ ููุดู ูู ุงูุนููุฏ ูุชุณููู ุงูููุงูุงุช ููุญุงุณุจุฉ ุงูุดุฑูุงุช ุงููููุฐุฉ ูููุดุงุฑูุน ูุงุณุชุจุนุงุฏูุง ูู ุงูููุงูุตุงุช ูุชุญููููุง ุฅูู ุงูููุงุจุฉ .ูููุง ุฅูู ูุฌูุณ ุงููุฒุฑุงุก #Kuwait,ไธๅ10:42 ยท 2018ๅนด11ๆ6ๆฅ,Kuwait_floods_18,[],"['#ุงูุทุงุฑ_ุงููููุช', '#Kuwait']",[],"['ุฃุชููู', 'ุจุนุฏ', 'ุงู', 'ุชูุชูู', 'ุฃุฒูุฉ', 'ุฃู', 'ููุชุญ', 'ููู', 'ุงูุชุนูููุงุช', 'ุจุงูุฌูุงุช', 'ุงูุญููููุฉ', 'ุนูู', 'ูุตุฑุงุนูู', 'ููุดู', 'ุงููุงุณุทุงุช', 'ุงูุฐู', 'ูุงู', 'ุจูุง', 'ุงููุชููุฐูู', 'ูุงูููุงุจ', 'ููุดู', 'ูู', 'ุงูุนููุฏ', 'ูุชุณููู', 'ุงูููุงูุงุช', 'ููุญุงุณุจุฉ', 'ุงูุดุฑูุงุช', 'ุงููููุฐุฉ', 'ูููุดุงุฑูุน', 'ูุงุณุชุจุนุงุฏูุง', 'ูู', 'ุงูููุงูุตุงุช', 'ูุชุญููููุง', 'ุฅูู', 'ุงูููุงุจุฉ', 'ูููุง', 'ุฅูู', 'ูุฌูุณ', 'ุงููุฒุฑุงุก']",2018-11-06 22:42:00,"['ุฃุชููู', 'ุจุนุฏ', 'ุงู', 'ุชูุชูู', 'ุฃุฒูุฉ', 'ุฃู', 'ููุชุญ', 'ููู', 'ุงูุชุนูููุงุช', 'ุจ', 'ุงูุฌูุงุช', 'ุงูุญููููุฉ', 'ุนูู', 'ูุตุฑุงุนู', 'ู', 'ู', 'ูุดู', 'ุงููุงุณุทุงุช', 'ุงูุฐู', 'ูุงู', 'ุจ', 'ูุง', 'ุงููุชููุฐูู', 'ู', 'ุงูููุงุจ', 'ู', 'ูุดู', 'ูู', 'ุงูุนููุฏ', 'ู', 'ุชุณููู', 'ุงูููุงูุงุช', 'ู', 'ูุญุงุณุจุฉ', 'ุงูุดุฑูุงุช', 'ุงููููุฐุฉ', 'ู', 'ุงููุดุงุฑูุน', 'ู', 'ุงุณุชุจุนุงุฏ', 'ูุง', 'ูู', 'ุงูููุงูุตุงุช', 'ู', 'ุชุญููู', 'ูุง', 'ุฅูู', 'ุงูููุงุจุฉ', 'ู', 'ูู', 'ูุง', 'ุฅูู', 'ูุฌูุณ', 'ุงููุฒุฑุงุก']",['ูุฌูุณ ุงููุฒุฑุงุก'],[]
1059818521213964288,@WahabAlbabtain,ูุญุงุณุจู ูุณุคูููู ุงูุฃุดุบุงู ูุง ุชุนูู ููุงูู ุงููุดููู .. ุงููุงุฑุซู ุชุณุจุจุช ุจูุณ ุฌูุจ ุงูููุงุทู ุงููููุชู ู ุฏูุฑุช ุงูููููุงุช ุงูุฎุงุตูุ ูุฌุจ ูุดู ุงููุชุณุจุจ ุงูุญูููู ู ูู ุงูุดุฑูุงุช ุงููููุฐู ู ุดุฑูุงุช ุงูุตูุงูู ู ุนูู ูุฒูุฑ ุงูุงุดุบุงู ุงูุฅุฌุงุจุฉ ุนูู ุงุณุฆูุชูุง ุงูุจุฑููุงููุฉ ุงูุชู ุณูุชููุงูุง ุบุฏุง ุตุจุงุญุง #ุงููููุช_ุชุบุฑู #ุงูุทุงุฑ_ุงููููุช,ไธๅ10:43 ยท 2018ๅนด11ๆ6ๆฅ,Kuwait_floods_18,[],"['#ุงููููุช_ุชุบุฑู', '#ุงูุทุงุฑ_ุงููููุช']",[],"['ูุญุงุณุจู', 'ูุณุคูููู', 'ุงูุฃุดุบุงู', 'ูุง', 'ุชุนูู', 'ููุงูู', 'ุงููุดููู', '', 'ุงููุงุฑุซู', 'ุชุณุจุจุช', 'ุจูุณ', 'ุฌูุจ', 'ุงูููุงุทู', 'ุงููููุชู', 'ู', 'ุฏูุฑุช', 'ุงูููููุงุช', 'ุงูุฎุงุตูุ', 'ูุฌุจ', 'ูุดู', 'ุงููุชุณุจุจ', 'ุงูุญูููู', 'ู', 'ูู', 'ุงูุดุฑูุงุช', 'ุงููููุฐู', 'ู', 'ุดุฑูุงุช', 'ุงูุตูุงูู', 'ู', 'ุนูู', 'ูุฒูุฑ', 'ุงูุงุดุบุงู', 'ุงูุฅุฌุงุจุฉ', 'ุนูู', 'ุงุณุฆูุชูุง', 'ุงูุจุฑููุงููุฉ', 'ุงูุชู', 'ุณูุชููุงูุง', 'ุบุฏุง', 'ุตุจุงุญุง']",2018-11-06 22:43:00,"['ูุญุงุณุจ', 'ู', 'ูุณุคูููู', 'ุงูุฃุดุบุงู', 'ูุง', 'ุชุนูู', 'ููุงู', 'ู', 'ุงููุดููู', 'ุงููุงุฑุซ', 'ู', 'ุชุณุจุจุช', 'ุจูุณ', 'ุฌูุจ', 'ุงูููุงุทู', 'ุงููููุชู', 'ู', 'ุฏูุฑุช', 'ุงูููููุงุช', 'ุงูุฎุงุตู', 'ู', 'ุฌุจ', 'ูุดู', 'ุงููุชุณุจุจ', 'ุงูุญูููู', 'ู', 'ูู', 'ุงูุดุฑูุงุช', 'ุงููููุฐู', 'ู', 'ุดุฑูุงุช', 'ุงูุตูุงู', 'ู', 'ู', 'ุนูู', 'ูุฒูุฑ', 'ุงูุงุดุบุงู', 'ุงูุฅุฌุงุจุฉ', 'ุนูู', 'ุฃุณุฆูุฉ', 'ูุง', 'ุงูุจุฑููุงููุฉ', 'ุงูุชู', 'ุณ', 'ูุชููู', 'ูุง', 'ุบุฏุง', 'ุตุจุงุญุง']",[],[]
1059836473657180161,@GulfAmateurs,ููุณุจุงุญ #ุจููุงูุช_ุชุฑูู ููุชููุฒ ุจ ูููู ุงูุจูููุณุฌู ู ูููุณ ูุฎูุ ูู ุฎุฑุฒุฉ ููุญูุชุฉ ุนูู ุฎูุฑุงุทุฉ ุฏุงุฆุฑูุฉุ ูุถูุนุฉ ูู ูู ุฌูุงูุจูุงุ [ ููุง ุฑููุฉ ูููุฒุฉุ ุนูุฏ ุงูุชุณุจูุญ] ููุงุตูู ูุถูุฉ ููุฆุฐูุฉ ุงููุณุจุงุญ ุชุฑุชุจุท ุจ ููุฑููุด ูุฌููุ ูุงุฎูุฑ ูู ุฃูุฎุฑ ุงูุฎููุท ุงููุทููุฉ. . ุงูุณุนุฑ : 190 ุฏููุงุฑ ุฃูุฑููู๐บ๐ธ . #ุงูุทุงุฑ_ุงููููุช #ุงููููุช_ุชุบุฑู https://t.co/7bxhlVA7e1,ไธๅ11:54 ยท 2018ๅนด11ๆ6ๆฅ,Kuwait_floods_18,[],"['#ุจููุงูุช_ุชุฑูู', '#ุงูุทุงุฑ_ุงููููุช', '#ุงููููุช_ุชุบุฑู']",['https://t.co/7bxhlVA7e1'],"['ููุณุจุงุญ', 'ููุชููุฒ', 'ุจ', 'ูููู', 'ุงูุจูููุณุฌู', 'ู', 'ูููุณ', 'ูุฎูุ', 'ูู', 'ุฎุฑุฒุฉ', 'ููุญูุชุฉ', 'ุนูู', 'ุฎูุฑุงุทุฉ', 'ุฏุงุฆุฑูุฉุ', 'ูุถูุนุฉ', 'ูู', 'ูู', 'ุฌูุงูุจูุงุ', '', 'ููุง', 'ุฑููุฉ', 'ูููุฒุฉุ', 'ุนูุฏ', 'ุงูุชุณุจูุญ', 'ููุงุตูู', 'ูุถูุฉ', 'ููุฆุฐูุฉ', 'ุงููุณุจุงุญ', 'ุชุฑุชุจุท', 'ุจ', 'ููุฑููุด', 'ูุฌููุ', 'ูุงุฎูุฑ', 'ูู', 'ุฃูุฎุฑ', 'ุงูุฎููุท', 'ุงููุทููุฉ', '', 'ุงูุณุนุฑ', ':', '190', 'ุฏููุงุฑ', 'ุฃูุฑููู๐บ๐ธ', '']",2018-11-06 23:54:00,"['ููุณุจุงุญ', 'ููุชููุฒ', 'ุจ', 'ู', 'ูู', 'ู', 'ุงูุจูููุณุฌู', 'ู', 'ูููุณ', 'ูุฎู', 'ูู', 'ุฎุฑุฒุฉ', 'ููุญูุชุฉ', 'ุนูู', 'ุฎูุฑุงุทุฉ', 'ุฏุงุฆุฑูุฉ', 'ูุถูุนุฉ', 'ูู', 'ูู', 'ุฌูุงูุจ', 'ูุง', 'ู', 'ูุง', 'ุฑููุฉ', 'ูููุฒุฉ', 'ุนูุฏ', 'ุงูุชุณุจูุญ', 'ููุงุตู', 'ู', 'ูุถูุฉ', 'ููุฆุฐูุฉ', 'ุงููุณุจุงุญ', 'ุชุฑุชุจุท', 'ุจ', 'ููุฑููุด', 'ูุฌูู', 'ู', 'ุงุฎุฏุฑ', 'ูู', 'ุฃูุฎุฑ', 'ุงูุฎููุท', 'ุงููุทููุฉ', 'ุงูุณุนุฑ', '190', 'ุฏููุงุฑ', 'ุฃูุฑููู๐บ']",[],[]
1059846279247880192,@9b1E4Ck0lqMg0TP,ูุตูุญู ูุง ุงูู ููุง ุงูุซุฑ #ุงููููุช_ุชุบุฑู #ุงูุทุงุฑ_ุงููููุช https://t.co/BpSzZ1W74N,ไธๅ12:33 ยท 2018ๅนด11ๆ7ๆฅ,Kuwait_floods_18,[],"['#ุงููููุช_ุชุบุฑู', '#ุงูุทุงุฑ_ุงููููุช']",['https://t.co/BpSzZ1W74N'],"['ูุตูุญู', 'ูุง', 'ุงูู', 'ููุง', 'ุงูุซุฑ']",2018-11-07 00:33:00,"['ูุตูุญ', 'ู', 'ูุง', 'ุงูู', 'ู', 'ูุง', 'ุงูุซุฑ']",[],[]
1059851587965849600,@Jafaha,ูู ุงูููุช ุงูุฐู ุชูุช ุงูุงูุฉ ูุณุฆูููู ูู ูุฒุงุฑุฉ ุงูุงุดุบุงู ูุงูู ูุฌุจ ูุญุงุณุจุฉ ูุณุฆูููู ุงูุจูุฏูุฉ ูุฌุจุงู ุงูุงุชุฑุจุฉ ุงููุชุฑุงููุฉ ููุฐ ุงูุซุฑ ูู ุณูุฉ ุฏูู ุงุฒุงูุฉ ููุง ูู ูุฐู ุงูุตูุฑุฉ ูุงูุชู ุชุบูู ูุฌุงุฑู ุงูุงูุทุงุฑ ูุฌุจ ุงู ูุญุงุณุจ ุนูููุง ูุณุฆูููู ุงูุจูุฏูุฉ . #ุงูุทุงุฑ_ุงููููุช https://t.co/wXASxBy8pY,ไธๅ12:54 ยท 2018ๅนด11ๆ7ๆฅ,Kuwait_floods_18,[],['#ุงูุทุงุฑ_ุงููููุช'],['https://t.co/wXASxBy8pY'],"['ูู', 'ุงูููุช', 'ุงูุฐู', 'ุชูุช', 'ุงูุงูุฉ', 'ูุณุฆูููู', 'ูู', 'ูุฒุงุฑุฉ', 'ุงูุงุดุบุงู', 'ูุงูู', 'ูุฌุจ', 'ูุญุงุณุจุฉ', 'ูุณุฆูููู', 'ุงูุจูุฏูุฉ', 'ูุฌุจุงู', 'ุงูุงุชุฑุจุฉ', 'ุงููุชุฑุงููุฉ', 'ููุฐ', 'ุงูุซุฑ', 'ูู', 'ุณูุฉ', 'ุฏูู', 'ุงุฒุงูุฉ', 'ููุง', 'ูู', 'ูุฐู', 'ุงูุตูุฑุฉ', 'ูุงูุชู', 'ุชุบูู', 'ูุฌุงุฑู', 'ุงูุงูุทุงุฑ', 'ูุฌุจ', 'ุงู', 'ูุญุงุณุจ', 'ุนูููุง', 'ูุณุฆูููู', 'ุงูุจูุฏูุฉ', '']",2018-11-07 00:54:00,"['ูู', 'ุงูููุช', 'ุงูุฐู', 'ุชูุช', 'ุงูุงูุฉ', 'ูุณุฆูููู', 'ูู', 'ูุฒุงุฑุฉ', 'ุงูุงุดุบุงู', 'ู', 'ุฅู', 'ู', 'ูุฌุจ', 'ูุญุงุณุจุฉ', 'ูุณุฆูููู', 'ุงูุจูุฏูุฉ', 'ู', 'ุฌุจุงู', 'ุงูุงุชุฑุจุฉ', 'ุงููุชุฑุงููุฉ', 'ููุฐ', 'ุงูุซุฑ', 'ูู', 'ุณูุฉ', 'ุฏูู', 'ุงุฒุงูุฉ', 'ููุง', 'ูู', 'ูุฐู', 'ุงูุตูุฑุฉ', 'ู', 'ุงูุชู', 'ุชุบูู', 'ูุฌุงุฑู', 'ุงูุงูุทุงุฑ', 'ูุฌุจ', 'ุงู', 'ูุญุงุณุจ', 'ุนูู', 'ูุง', 'ูุณุฆูููู', 'ุงูุจูุฏูุฉ']",[],[]
1059854848991129600,@khalejianews,ุดูุงุฑุน ุงููููุช ููุฌูุชุณูู ููุท ๐๐๐ #ุงูุทุงุฑ_ุงููููุช #ุงููููุช_ุชุบุฑู https://t.co/FmAU3lBLCi,ไธๅ1:07 ยท 2018ๅนด11ๆ7ๆฅ,Kuwait_floods_18,[],"['#ุงูุทุงุฑ_ุงููููุช', '#ุงููููุช_ุชุบุฑู']",['https://t.co/FmAU3lBLCi'],"['ุดูุงุฑุน', 'ุงููููุช', 'ููุฌูุชุณูู', 'ููุท', '๐๐๐']",2018-11-07 01:07:00,"['ุดูุงุฑุน', 'ุงููููุช', 'ู', 'ุงูุฌูุชุณูู', 'ููุท', '๐๐๐']","['ุดูุงุฑุน ุงููููุช', 'ููุฌูุชุณูู']",[]
1059911994529247232,@watan_usa,#ุงููููุช| ุงูุฃุถุฑุงุฑ ูุงูุฎุณุงุฆุฑ ุจุณุจุจ ุงูุฃูุทุงุฑ ุชูุฏูุฑ ุจูุญู 100 ููููู ุฏููุงุฑโผ ููุฒู ูุชุถุฑุฑ ูู #ุฃูุทุงุฑ_ุงููููุช โฌ https://t.co/bVE9VOLHbE,ไธๅ4:54 ยท 2018ๅนด11ๆ7ๆฅ,Kuwait_floods_18,[],"['#ุงููููุช|', '#ุฃูุทุงุฑ_ุงููููุช']",['https://t.co/bVE9VOLHbE'],"['ุงูุฃุถุฑุงุฑ', 'ูุงูุฎุณุงุฆุฑ', 'ุจุณุจุจ', 'ุงูุฃูุทุงุฑ', 'ุชูุฏูุฑ', 'ุจูุญู', '100', 'ููููู', 'ุฏููุงุฑโผ', 'ููุฒู', 'ูุชุถุฑุฑ', 'ูู', 'โฌ']",2018-11-07 04:54:00,"['ุงูุฃุถุฑุงุฑ', 'ู', 'ุงูุฎุณุงุฆุฑ', 'ุจ', 'ุณุจุจ', 'ุงูุฃูุทุงุฑ', 'ุชูุฏูุฑ', 'ุจ', 'ูุญู', '100', 'ููููู', 'ุฏููุงุฑโผ', 'ููุฒู', 'ูุชุถุฑุฑ', 'ูู', 'โฌ']",[],[]
1059914747255144453,@Duwailah1954,ูุฏ ุฃุชููู ููู ุงููุณุคูู ุนู ูุทุงุน ุชุตุฑูู ุงูุงูุทุงุฑ ุนู ุงูุนูู ูุญูู ุงูุชูุงุก ูุฌูุฉ ุงูุชุญููู ูู ุนูููุง ุ ููู ูุง ุฃููู ุณุจุจ ุงููุงู ุงููุณุคูู ุนู ูุทุงุน ุงูุตุฑู ุงูุตุญู ููุงุนูุงูุชู ุจุงูููุถูุน ! #ุงูุทุงุฑ_ุงููููุช,ไธๅ5:05 ยท 2018ๅนด11ๆ7ๆฅ,Kuwait_floods_18,[],['#ุงูุทุงุฑ_ุงููููุช'],[],"['ูุฏ', 'ุฃุชููู', 'ููู', 'ุงููุณุคูู', 'ุนู', 'ูุทุงุน', 'ุชุตุฑูู', 'ุงูุงูุทุงุฑ', 'ุนู', 'ุงูุนูู', 'ูุญูู', 'ุงูุชูุงุก', 'ูุฌูุฉ', 'ุงูุชุญููู', 'ูู', 'ุนูููุง', 'ุ', 'ููู', 'ูุง', 'ุฃููู', 'ุณุจุจ', 'ุงููุงู', 'ุงููุณุคูู', 'ุนู', 'ูุทุงุน', 'ุงูุตุฑู', 'ุงูุตุญู', 'ููุงุนูุงูุชู', 'ุจุงูููุถูุน', '']",2018-11-07 05:05:00,"['ูุฏ', 'ุฃุชู', 'ูู', 'ููู', 'ุงููุณุคูู', 'ุนู', 'ูุทุงุน', 'ุชุตุฑูู', 'ุงูุงูุทุงุฑ', 'ุนู', 'ุงูุนูู', 'ู', 'ุญูู', 'ุงูุชูุงุก', 'ูุฌูุฉ', 'ุงูุชุญููู', 'ูู', 'ุนูู', 'ูุง', 'ููู', 'ูุง', 'ุฃููู', 'ู', 'ุณุจุจ', 'ุงููุงู', 'ุงููุณุคูู', 'ุนู', 'ูุทุงุน', 'ุงูุตุฑู', 'ุงูุตุญู', 'ู', 'ูุงุนูุงูุฉ', 'ู', 'ุจุงูููุถูุน']",[],[]
1059916822110187522,@Duwailah1954,ุนูุงุทู ุงูุบููู ููููุฉ ูุฒุงุฑุฉ ุงูุงุดุบุงู ุงูุชูู ูุฑุณูููุง ููู ูุชู ุงูุชุฌุฏูุฏ ููุง ููุฐ ุนุฏุฉ ุฃุดูุฑ ุฏูู ุฃู ูุชุฎุฐ ูุฌูุณ ุงููุฒุฑุงุก ูุฑุงุฑุง ุจุดุฃููุง! ุงุญุงูุชูุง ููุชูุงุนุฏ ูู ูุฐุง ุงูุชูููุช ููุฃููุง ูุชุณุจุจู ุจุฃุฒูุฉ ุงูุงูุทุงุฑ ุธูู ููุง ูุฃูุฑ ูุนูุจ #ุฃูุทุงุฑ_ุงููููุช,ไธๅ5:13 ยท 2018ๅนด11ๆ7ๆฅ,Kuwait_floods_18,[],['#ุฃูุทุงุฑ_ุงููููุช'],[],"['ุนูุงุทู', 'ุงูุบููู', 'ููููุฉ', 'ูุฒุงุฑุฉ', 'ุงูุงุดุบุงู', 'ุงูุชูู', 'ูุฑุณูููุง', 'ููู', 'ูุชู', 'ุงูุชุฌุฏูุฏ', 'ููุง', 'ููุฐ', 'ุนุฏุฉ', 'ุฃุดูุฑ', 'ุฏูู', 'ุฃู', 'ูุชุฎุฐ', 'ูุฌูุณ', 'ุงููุฒุฑุงุก', 'ูุฑุงุฑุง', 'ุจุดุฃููุง', 'ุงุญุงูุชูุง', 'ููุชูุงุนุฏ', 'ูู', 'ูุฐุง', 'ุงูุชูููุช', 'ููุฃููุง', 'ูุชุณุจุจู', 'ุจุฃุฒูุฉ', 'ุงูุงูุทุงุฑ', 'ุธูู', 'ููุง', 'ูุฃูุฑ', 'ูุนูุจ']",2018-11-07 05:13:00,"['ุนูุงุทู', 'ุงูุบููู', 'ู', 'ูููุฉ', 'ูุฒุงุฑุฉ', 'ุงูุงุดุบุงู', 'ุงูุชูู', 'ูุฑุณูู', 'ูุง', 'ู', 'ูู', 'ูุชู', 'ุงูุชุฌุฏูุฏ', 'ู', 'ูุง', 'ููุฐ', 'ุนุฏุฉ', 'ุฃุดูุฑ', 'ุฏูู', 'ุฃู', 'ูุชุฎุฐ', 'ูุฌูุณ', 'ุงููุฒุฑุงุก', 'ูุฑุงุฑุง', 'ุจ', 'ุดุฃู', 'ูุง', 'ุฅุญุงูุฉ', 'ูุง', 'ู', 'ุงูุชูุงุนุฏ', 'ูู', 'ูุฐุง', 'ุงูุชูููุช', 'ู', 'ู', 'ุฃู', 'ูุง', 'ูุชุณุจุจ', 'ู', 'ุจ', 'ุฃุฒูุฉ', 'ุงูุงูุทุงุฑ', 'ุธูู', 'ู', 'ูุง', 'ู', 'ุฃูุฑ', 'ูุนูุจ']",[],[]
1059917248155082753,@Almajlliss,ููุฏูู / ุฃููู ูุดูุฏ ูู #ุฃูุทุงุฑ_ุงููููุช https://t.co/Oy4tFa1N7w,ไธๅ5:15 ยท 2018ๅนด11ๆ7ๆฅ,Kuwait_floods_18,[],['#ุฃูุทุงุฑ_ุงููููุช'],['https://t.co/Oy4tFa1N7w'],"['ููุฏูู', '/', 'ุฃููู', 'ูุดูุฏ', 'ูู']",2018-11-07 05:15:00,"['ููุฏูู', 'ุฃููู', 'ูุดูุฏ', 'ูู']",[],[]
1059922948910387202,@ajialq8,ุงุฌูุงู | ุจุงูููุฏูู.. ุฃููู ูุดูุฏ ูููุฉ ยซุงูุนุงุตูุฉยป ุงูุชู ุถุฑุจุช ุงููููุช ุฃูุณ #ุฃูุทุงุฑ_ุงููููุช #ุงููููุช_ุชุบุฑู https://t.co/m3tCnuKIhn,ไธๅ5:38 ยท 2018ๅนด11ๆ7ๆฅ,Kuwait_floods_18,[],"['#ุฃูุทุงุฑ_ุงููููุช', '#ุงููููุช_ุชุบุฑู']",['https://t.co/m3tCnuKIhn'],"['ุงุฌูุงู', '|', 'ุจุงูููุฏูู', 'ุฃููู', 'ูุดูุฏ', 'ูููุฉ', 'ยซุงูุนุงุตูุฉยป', 'ุงูุชู', 'ุถุฑุจุช', 'ุงููููุช', 'ุฃูุณ']",2018-11-07 05:38:00,"['ุงุฌูุงู', 'ุจ', 'ุงูููุฏูู', 'ุฃููู', 'ูุดูุฏ', 'ู', 'ููุฉ', 'ุงูุนุงุตูุฉ', 'ุงูุชู', 'ุถุฑุจุช', 'ุงููููุช', 'ุฃูุณ']",['ุงููููุช'],[]
1059935563988561920,@Almajlliss,ุฑุจ ุฃุฌุนู ูุฐุง ุงูุจูุฏ ุขููุงู โค๏ธ๐ฐ๐ผ #ุฃูุทุงุฑ_ุงููููุช https://t.co/8qyWIZ9hVq,ไธๅ6:28 ยท 2018ๅนด11ๆ7ๆฅ,Kuwait_floods_18,[],['#ุฃูุทุงุฑ_ุงููููุช'],['https://t.co/8qyWIZ9hVq'],"['ุฑุจ', 'ุฃุฌุนู', 'ูุฐุง', 'ุงูุจูุฏ', 'ุขููุงู', 'โค๏ธ๐ฐ๐ผ']",2018-11-07 06:28:00,"['ุฑุจ', 'ุฃุฌุนู', 'ูุฐุง', 'ุงูุจูุฏ', 'ุขููุงู', 'โค๏ธ๐ฐ๐ผ']",[],[]
1060307028801921025,@aljadidnews,RT @aljadidnews: #ููุฏูู | ุชุณุงูุท ยซุงูุจุฑุฏูยป ูู ุงูุนุจุฏูู ุญุงููุง. #ุงูุทุงุฑ_ุงููููุช https://t.co/qgRjw2E51y,ไธๅ5:25 ยท 2018ๅนด11ๆ8ๆฅ,Kuwait_floods_18,['@aljadidnews:'],"['#ููุฏูู', '#ุงูุทุงุฑ_ุงููููุช']",['https://t.co/qgRjw2E51y'],"['RT', '|', 'ุชุณุงูุท', 'ยซุงูุจุฑุฏูยป', 'ูู', 'ุงูุนุจุฏูู', 'ุญุงููุง']",2018-11-08 05:25:00,"['RT', 'ุชุณุงูุท', 'ุงูุจุฑุฏู', 'ูู', 'ุงูุนุจุฏูู', 'ุญุงููุง']",['RT'],[]
1060307674024288258,@mobashernewss,RT @mobashernewss: #ุงููููุช| ุญุงููุง ูุฒูู ุงูุบูู ูู ููุทูุฉ ุงูุณุงูููุฉ ุงูู ูุณุชูู ููุฎูุถ ุจุดูู ูุจูุฑ #ุงูุทุงุฑ_ุงููููุช https://t.co/e8nQvz24oQ,ไธๅ5:19 ยท 2018ๅนด11ๆ8ๆฅ,Kuwait_floods_18,['@mobashernewss:'],"['#ุงููููุช|', '#ุงูุทุงุฑ_ุงููููุช']",['https://t.co/e8nQvz24oQ'],"['RT', 'ุญุงููุง', 'ูุฒูู', 'ุงูุบูู', 'ูู', 'ููุทูุฉ', 'ุงูุณุงูููุฉ', 'ุงูู', 'ูุณุชูู', 'ููุฎูุถ', 'ุจุดูู', 'ูุจูุฑ']",2018-11-08 05:19:00,"['RT', 'ุญุงููุง', 'ูุฒูู', 'ุงูุบูู', 'ูู', 'ููุทูุฉ', 'ุงูุณุงูููุฉ', 'ุงูู', 'ูุณุชูู', 'ููุฎูุถ', 'ุจ', 'ุดูู', 'ูุจูุฑ']",['RT'],[]
1060308126191284224,@waleedalshalan,RT @waleedalshalan: ุชููุนุงุช ุงูุฃูุทุงุฑ ุงูุดุงุก ุงููู ุงูู ููู ุงูุฌูุนุฉ ุงูููู ุฃุฌุนููุง ุงูุทุงุฑ ุฎูุฑ ุนูู ุงูุจูุงุฏ ูุงูุนุจุงุฏ #ุงูุทุงุฑ_ุงููููุช https://t.co/jZNCg7oxโฆ,ไธๅ6:47 ยท 2018ๅนด11ๆ8ๆฅ,Kuwait_floods_18,['@waleedalshalan:'],['#ุงูุทุงุฑ_ุงููููุช'],['https://t.co/jZNCg7oxโฆ'],"['RT', 'ุชููุนุงุช', 'ุงูุฃูุทุงุฑ', 'ุงูุดุงุก', 'ุงููู', 'ุงูู', 'ููู', 'ุงูุฌูุนุฉ', 'ุงูููู', 'ุฃุฌุนููุง', 'ุงูุทุงุฑ', 'ุฎูุฑ', 'ุนูู', 'ุงูุจูุงุฏ', 'ูุงูุนุจุงุฏ']",2018-11-08 06:47:00,"['RT', 'ุชููุนุงุช', 'ุงูุฃูุทุงุฑ', 'ุงูุดุงุก', 'ุงููู', 'ุงูู', 'ููู', 'ุงูุฌูุนุฉ', 'ุงูููู', 'ุฃุฌุนู', 'ูุง', 'ุงูุทุงุฑ', 'ุฎูุฑ', 'ุนูู', 'ุงูุจูุงุฏ', 'ูุงูุนุจุงุฏ']",['RT'],[]
